# Simons Observatory LAT lensing noise N_L^kk, baseline: so_noise_models v3.1.1 (T. Namikawa),
# LAT_lensing_noise/lensing_v3_1_1/nlkk_v3_1_0_deproj0_SENS1_fsky0p4_it_lT30-3000_lP30-5000.dat,
# https://github.com/simonsobs/so_noise_models ; column N_lensing_MV (minimum variance of TT, TE, EE,
# TB, EB, iterative reconstruction, no foreground deprojection, baseline sensitivity, fsky 0.4),
# convergence, no factors of L.
#  L, N_L
2.0 3.300142000e-08
3.0 3.021966000e-08
4.0 2.923749000e-08
5.0 2.877353000e-08
6.0 2.851848000e-08
7.0 2.836487000e-08
8.0 2.826691000e-08
9.0 2.820227000e-08
10.0 2.815897000e-08
11.0 2.813013000e-08
12.0 2.811152000e-08
13.0 2.810046000e-08
14.0 2.809517000e-08
15.0 2.809443000e-08
16.0 2.809737000e-08
17.0 2.810339000e-08
18.0 2.811203000e-08
19.0 2.812296000e-08
20.0 2.813590000e-08
21.0 2.815067000e-08
22.0 2.816711000e-08
23.0 2.818509000e-08
24.0 2.820453000e-08
25.0 2.822533000e-08
26.0 2.824744000e-08
27.0 2.827080000e-08
28.0 2.829538000e-08
29.0 2.832113000e-08
30.0 2.834803000e-08
31.0 2.837605000e-08
32.0 2.840517000e-08
33.0 2.843538000e-08
34.0 2.846666000e-08
35.0 2.849900000e-08
36.0 2.853239000e-08
37.0 2.856681000e-08
38.0 2.860228000e-08
39.0 2.863876000e-08
40.0 2.867627000e-08
41.0 2.871480000e-08
42.0 2.875434000e-08
43.0 2.879490000e-08
44.0 2.883646000e-08
45.0 2.887903000e-08
46.0 2.892261000e-08
47.0 2.896720000e-08
48.0 2.901278000e-08
49.0 2.905938000e-08
50.0 2.910698000e-08
51.0 2.915559000e-08
52.0 2.920521000e-08
53.0 2.925583000e-08
54.0 2.930746000e-08
55.0 2.936010000e-08
56.0 2.941375000e-08
57.0 2.946842000e-08
58.0 2.952409000e-08
59.0 2.958079000e-08
60.0 2.963850000e-08
61.0 2.969723000e-08
62.0 2.975698000e-08
63.0 2.981775000e-08
64.0 2.987955000e-08
65.0 2.994238000e-08
66.0 3.000624000e-08
67.0 3.007113000e-08
68.0 3.013706000e-08
69.0 3.020403000e-08
70.0 3.027203000e-08
71.0 3.034108000e-08
72.0 3.041118000e-08
73.0 3.048232000e-08
74.0 3.055452000e-08
75.0 3.062777000e-08
76.0 3.070208000e-08
77.0 3.077745000e-08
78.0 3.085388000e-08
79.0 3.093138000e-08
80.0 3.100994000e-08
81.0 3.108958000e-08
82.0 3.117030000e-08
83.0 3.125209000e-08
84.0 3.133497000e-08
85.0 3.141893000e-08
86.0 3.150398000e-08
87.0 3.159012000e-08
88.0 3.167736000e-08
89.0 3.176570000e-08
90.0 3.185513000e-08
91.0 3.194568000e-08
92.0 3.203733000e-08
93.0 3.213009000e-08
94.0 3.222397000e-08
95.0 3.231897000e-08
96.0 3.241508000e-08
97.0 3.251233000e-08
98.0 3.261070000e-08
99.0 3.271021000e-08
100.0 3.281085000e-08
101.0 3.291264000e-08
102.0 3.301556000e-08
103.0 3.311963000e-08
104.0 3.322485000e-08
105.0 3.333123000e-08
106.0 3.343875000e-08
107.0 3.354744000e-08
108.0 3.365729000e-08
109.0 3.376831000e-08
110.0 3.388050000e-08
111.0 3.399386000e-08
112.0 3.410839000e-08
113.0 3.422411000e-08
114.0 3.434101000e-08
115.0 3.445909000e-08
116.0 3.457836000e-08
117.0 3.469882000e-08
118.0 3.482048000e-08
119.0 3.494334000e-08
120.0 3.506739000e-08
121.0 3.519265000e-08
122.0 3.531911000e-08
123.0 3.544679000e-08
124.0 3.557567000e-08
125.0 3.570578000e-08
126.0 3.583709000e-08
127.0 3.596963000e-08
128.0 3.610339000e-08
129.0 3.623837000e-08
130.0 3.637458000e-08
131.0 3.651202000e-08
132.0 3.665069000e-08
133.0 3.679059000e-08
134.0 3.693173000e-08
135.0 3.707410000e-08
136.0 3.721771000e-08
137.0 3.736256000e-08
138.0 3.750865000e-08
139.0 3.765598000e-08
140.0 3.780455000e-08
141.0 3.795437000e-08
142.0 3.810544000e-08
143.0 3.825775000e-08
144.0 3.841130000e-08
145.0 3.856611000e-08
146.0 3.872216000e-08
147.0 3.887946000e-08
148.0 3.903801000e-08
149.0 3.919780000e-08
150.0 3.935885000e-08
151.0 3.952114000e-08
152.0 3.968467000e-08
153.0 3.984945000e-08
154.0 4.001548000e-08
155.0 4.018274000e-08
156.0 4.035125000e-08
157.0 4.052100000e-08
158.0 4.069199000e-08
159.0 4.086421000e-08
160.0 4.103766000e-08
161.0 4.121234000e-08
162.0 4.138825000e-08
163.0 4.156539000e-08
164.0 4.174374000e-08
165.0 4.192332000e-08
166.0 4.210410000e-08
167.0 4.228609000e-08
168.0 4.246929000e-08
169.0 4.265368000e-08
170.0 4.283927000e-08
171.0 4.302604000e-08
172.0 4.321400000e-08
173.0 4.340313000e-08
174.0 4.359343000e-08
175.0 4.378489000e-08
176.0 4.397751000e-08
177.0 4.417127000e-08
178.0 4.436617000e-08
179.0 4.456221000e-08
180.0 4.475936000e-08
181.0 4.495762000e-08
182.0 4.515699000e-08
183.0 4.535745000e-08
184.0 4.555899000e-08
185.0 4.576160000e-08
186.0 4.596527000e-08
187.0 4.616999000e-08
188.0 4.637574000e-08
189.0 4.658251000e-08
190.0 4.679029000e-08
191.0 4.699907000e-08
192.0 4.720882000e-08
193.0 4.741954000e-08
194.0 4.763121000e-08
195.0 4.784381000e-08
196.0 4.805733000e-08
197.0 4.827175000e-08
198.0 4.848705000e-08
199.0 4.870321000e-08
200.0 4.892022000e-08
201.0 4.913806000e-08
202.0 4.935670000e-08
203.0 4.957613000e-08
204.0 4.979632000e-08
205.0 5.001726000e-08
206.0 5.023892000e-08
207.0 5.046128000e-08
208.0 5.068431000e-08
209.0 5.090799000e-08
210.0 5.113230000e-08
211.0 5.135721000e-08
212.0 5.158270000e-08
213.0 5.180873000e-08
214.0 5.203529000e-08
215.0 5.226234000e-08
216.0 5.248986000e-08
217.0 5.271781000e-08
218.0 5.294617000e-08
219.0 5.317490000e-08
220.0 5.340399000e-08
221.0 5.363338000e-08
222.0 5.386306000e-08
223.0 5.409299000e-08
224.0 5.432313000e-08
225.0 5.455345000e-08
226.0 5.478393000e-08
227.0 5.501451000e-08
228.0 5.524517000e-08
229.0 5.547588000e-08
230.0 5.570658000e-08
231.0 5.593725000e-08
232.0 5.616785000e-08
233.0 5.639834000e-08
234.0 5.662868000e-08
235.0 5.685883000e-08
236.0 5.708875000e-08
237.0 5.731840000e-08
238.0 5.754774000e-08
239.0 5.777673000e-08
240.0 5.800533000e-08
241.0 5.823348000e-08
242.0 5.846116000e-08
243.0 5.868832000e-08
244.0 5.891491000e-08
245.0 5.914089000e-08
246.0 5.936622000e-08
247.0 5.959086000e-08
248.0 5.981475000e-08
249.0 6.003786000e-08
250.0 6.026014000e-08
251.0 6.048154000e-08
252.0 6.070203000e-08
253.0 6.092155000e-08
254.0 6.114006000e-08
255.0 6.135752000e-08
256.0 6.157388000e-08
257.0 6.178910000e-08
258.0 6.200313000e-08
259.0 6.221593000e-08
260.0 6.242745000e-08
261.0 6.263766000e-08
262.0 6.284650000e-08
263.0 6.305393000e-08
264.0 6.325992000e-08
265.0 6.346442000e-08
266.0 6.366739000e-08
267.0 6.386878000e-08
268.0 6.406856000e-08
269.0 6.426669000e-08
270.0 6.446313000e-08
271.0 6.465784000e-08
272.0 6.485078000e-08
273.0 6.504192000e-08
274.0 6.523123000e-08
275.0 6.541866000e-08
276.0 6.560418000e-08
277.0 6.578776000e-08
278.0 6.596938000e-08
279.0 6.614899000e-08
280.0 6.632658000e-08
281.0 6.650211000e-08
282.0 6.667556000e-08
283.0 6.684691000e-08
284.0 6.701612000e-08
285.0 6.718318000e-08
286.0 6.734807000e-08
287.0 6.751076000e-08
288.0 6.767125000e-08
289.0 6.782950000e-08
290.0 6.798552000e-08
291.0 6.813928000e-08
292.0 6.829078000e-08
293.0 6.844000000e-08
294.0 6.858693000e-08
295.0 6.873157000e-08
296.0 6.887392000e-08
297.0 6.901396000e-08
298.0 6.915171000e-08
299.0 6.928715000e-08
300.0 6.942029000e-08
301.0 6.955113000e-08
302.0 6.967968000e-08
303.0 6.980594000e-08
304.0 6.992992000e-08
305.0 7.005163000e-08
306.0 7.017108000e-08
307.0 7.028828000e-08
308.0 7.040325000e-08
309.0 7.051599000e-08
310.0 7.062652000e-08
311.0 7.073487000e-08
312.0 7.084105000e-08
313.0 7.094507000e-08
314.0 7.104696000e-08
315.0 7.114674000e-08
316.0 7.124443000e-08
317.0 7.134005000e-08
318.0 7.143363000e-08
319.0 7.152518000e-08
320.0 7.161474000e-08
321.0 7.170233000e-08
322.0 7.178797000e-08
323.0 7.187170000e-08
324.0 7.195353000e-08
325.0 7.203349000e-08
326.0 7.211162000e-08
327.0 7.218793000e-08
328.0 7.226245000e-08
329.0 7.233522000e-08
330.0 7.240625000e-08
331.0 7.247558000e-08
332.0 7.254323000e-08
333.0 7.260923000e-08
334.0 7.267361000e-08
335.0 7.273639000e-08
336.0 7.279760000e-08
337.0 7.285726000e-08
338.0 7.291541000e-08
339.0 7.297206000e-08
340.0 7.302724000e-08
341.0 7.308098000e-08
342.0 7.313330000e-08
343.0 7.318422000e-08
344.0 7.323377000e-08
345.0 7.328197000e-08
346.0 7.332884000e-08
347.0 7.337441000e-08
348.0 7.341870000e-08
349.0 7.346173000e-08
350.0 7.350351000e-08
351.0 7.354409000e-08
352.0 7.358346000e-08
353.0 7.362165000e-08
354.0 7.365869000e-08
355.0 7.369459000e-08
356.0 7.372938000e-08
357.0 7.376306000e-08
358.0 7.379567000e-08
359.0 7.382722000e-08
360.0 7.385772000e-08
361.0 7.388720000e-08
362.0 7.391568000e-08
363.0 7.394318000e-08
364.0 7.396970000e-08
365.0 7.399528000e-08
366.0 7.401993000e-08
367.0 7.404366000e-08
368.0 7.406650000e-08
369.0 7.408846000e-08
370.0 7.410956000e-08
371.0 7.412982000e-08
372.0 7.414926000e-08
373.0 7.416790000e-08
374.0 7.418575000e-08
375.0 7.420283000e-08
376.0 7.421917000e-08
377.0 7.423478000e-08
378.0 7.424967000e-08
379.0 7.426387000e-08
380.0 7.427740000e-08
381.0 7.429027000e-08
382.0 7.430250000e-08
383.0 7.431412000e-08
384.0 7.432514000e-08
385.0 7.433558000e-08
386.0 7.434545000e-08
387.0 7.435479000e-08
388.0 7.436361000e-08
389.0 7.437192000e-08
390.0 7.437976000e-08
391.0 7.438713000e-08
392.0 7.439405000e-08
393.0 7.440056000e-08
394.0 7.440666000e-08
395.0 7.441237000e-08
396.0 7.441772000e-08
397.0 7.442273000e-08
398.0 7.442742000e-08
399.0 7.443180000e-08
400.0 7.443589000e-08
401.0 7.443973000e-08
402.0 7.444332000e-08
403.0 7.444668000e-08
404.0 7.444984000e-08
405.0 7.445282000e-08
406.0 7.445563000e-08
407.0 7.445830000e-08
408.0 7.446084000e-08
409.0 7.446327000e-08
410.0 7.446562000e-08
411.0 7.446790000e-08
412.0 7.447013000e-08
413.0 7.447233000e-08
414.0 7.447452000e-08
415.0 7.447672000e-08
416.0 7.447894000e-08
417.0 7.448121000e-08
418.0 7.448355000e-08
419.0 7.448596000e-08
420.0 7.448848000e-08
421.0 7.449111000e-08
422.0 7.449388000e-08
423.0 7.449680000e-08
424.0 7.449989000e-08
425.0 7.450317000e-08
426.0 7.450665000e-08
427.0 7.451036000e-08
428.0 7.451430000e-08
429.0 7.451850000e-08
430.0 7.452297000e-08
431.0 7.452773000e-08
432.0 7.453279000e-08
433.0 7.453817000e-08
434.0 7.454387000e-08
435.0 7.454993000e-08
436.0 7.455635000e-08
437.0 7.456315000e-08
438.0 7.457034000e-08
439.0 7.457794000e-08
440.0 7.458595000e-08
441.0 7.459440000e-08
442.0 7.460329000e-08
443.0 7.461265000e-08
444.0 7.462247000e-08
445.0 7.463278000e-08
446.0 7.464358000e-08
447.0 7.465490000e-08
448.0 7.466673000e-08
449.0 7.467909000e-08
450.0 7.469200000e-08
451.0 7.470546000e-08
452.0 7.471949000e-08
453.0 7.473409000e-08
454.0 7.474927000e-08
455.0 7.476505000e-08
456.0 7.478143000e-08
457.0 7.479843000e-08
458.0 7.481605000e-08
459.0 7.483430000e-08
460.0 7.485319000e-08
461.0 7.487272000e-08
462.0 7.489291000e-08
463.0 7.491376000e-08
464.0 7.493528000e-08
465.0 7.495748000e-08
466.0 7.498036000e-08
467.0 7.500392000e-08
468.0 7.502819000e-08
469.0 7.505315000e-08
470.0 7.507881000e-08
471.0 7.510519000e-08
472.0 7.513228000e-08
473.0 7.516010000e-08
474.0 7.518863000e-08
475.0 7.521790000e-08
476.0 7.524789000e-08
477.0 7.527863000e-08
478.0 7.531009000e-08
479.0 7.534230000e-08
480.0 7.537525000e-08
481.0 7.540895000e-08
482.0 7.544340000e-08
483.0 7.547859000e-08
484.0 7.551453000e-08
485.0 7.555122000e-08
486.0 7.558867000e-08
487.0 7.562686000e-08
488.0 7.566581000e-08
489.0 7.570551000e-08
490.0 7.574596000e-08
491.0 7.578717000e-08
492.0 7.582912000e-08
493.0 7.587182000e-08
494.0 7.591527000e-08
495.0 7.595946000e-08
496.0 7.600440000e-08
497.0 7.605008000e-08
498.0 7.609649000e-08
499.0 7.614365000e-08
500.0 7.619153000e-08
501.0 7.624014000e-08
502.0 7.628948000e-08
503.0 7.633953000e-08
504.0 7.639031000e-08
505.0 7.644179000e-08
506.0 7.649398000e-08
507.0 7.654688000e-08
508.0 7.660047000e-08
509.0 7.665475000e-08
510.0 7.670971000e-08
511.0 7.676536000e-08
512.0 7.682168000e-08
513.0 7.687866000e-08
514.0 7.693631000e-08
515.0 7.699460000e-08
516.0 7.705354000e-08
517.0 7.711312000e-08
518.0 7.717332000e-08
519.0 7.723415000e-08
520.0 7.729559000e-08
521.0 7.735764000e-08
522.0 7.742028000e-08
523.0 7.748351000e-08
524.0 7.754732000e-08
525.0 7.761169000e-08
526.0 7.767662000e-08
527.0 7.774211000e-08
528.0 7.780813000e-08
529.0 7.787468000e-08
530.0 7.794175000e-08
531.0 7.800932000e-08
532.0 7.807739000e-08
533.0 7.814595000e-08
534.0 7.821498000e-08
535.0 7.828447000e-08
536.0 7.835441000e-08
537.0 7.842480000e-08
538.0 7.849561000e-08
539.0 7.856684000e-08
540.0 7.863847000e-08
541.0 7.871049000e-08
542.0 7.878290000e-08
543.0 7.885567000e-08
544.0 7.892879000e-08
545.0 7.900226000e-08
546.0 7.907605000e-08
547.0 7.915017000e-08
548.0 7.922458000e-08
549.0 7.929929000e-08
550.0 7.937427000e-08
551.0 7.944952000e-08
552.0 7.952502000e-08
553.0 7.960076000e-08
554.0 7.967673000e-08
555.0 7.975291000e-08
556.0 7.982929000e-08
557.0 7.990585000e-08
558.0 7.998259000e-08
559.0 8.005948000e-08
560.0 8.013653000e-08
561.0 8.021370000e-08
562.0 8.029100000e-08
563.0 8.036841000e-08
564.0 8.044590000e-08
565.0 8.052348000e-08
566.0 8.060113000e-08
567.0 8.067883000e-08
568.0 8.075657000e-08
569.0 8.083435000e-08
570.0 8.091214000e-08
571.0 8.098994000e-08
572.0 8.106773000e-08
573.0 8.114550000e-08
574.0 8.122324000e-08
575.0 8.130094000e-08
576.0 8.137858000e-08
577.0 8.145615000e-08
578.0 8.153364000e-08
579.0 8.161105000e-08
580.0 8.168835000e-08
581.0 8.176555000e-08
582.0 8.184261000e-08
583.0 8.191955000e-08
584.0 8.199633000e-08
585.0 8.207297000e-08
586.0 8.214943000e-08
587.0 8.222572000e-08
588.0 8.230183000e-08
589.0 8.237774000e-08
590.0 8.245344000e-08
591.0 8.252893000e-08
592.0 8.260420000e-08
593.0 8.267923000e-08
594.0 8.275403000e-08
595.0 8.282857000e-08
596.0 8.290286000e-08
597.0 8.297689000e-08
598.0 8.305063000e-08
599.0 8.312410000e-08
600.0 8.319728000e-08
601.0 8.327017000e-08
602.0 8.334276000e-08
603.0 8.341503000e-08
604.0 8.348699000e-08
605.0 8.355863000e-08
606.0 8.362994000e-08
607.0 8.370092000e-08
608.0 8.377156000e-08
609.0 8.384186000e-08
610.0 8.391181000e-08
611.0 8.398140000e-08
612.0 8.405064000e-08
613.0 8.411951000e-08
614.0 8.418801000e-08
615.0 8.425614000e-08
616.0 8.432390000e-08
617.0 8.439128000e-08
618.0 8.445827000e-08
619.0 8.452487000e-08
620.0 8.459109000e-08
621.0 8.465691000e-08
622.0 8.472234000e-08
623.0 8.478737000e-08
624.0 8.485200000e-08
625.0 8.491623000e-08
626.0 8.498004000e-08
627.0 8.504346000e-08
628.0 8.510646000e-08
629.0 8.516905000e-08
630.0 8.523123000e-08
631.0 8.529300000e-08
632.0 8.535435000e-08
633.0 8.541528000e-08
634.0 8.547580000e-08
635.0 8.553590000e-08
636.0 8.559557000e-08
637.0 8.565483000e-08
638.0 8.571366000e-08
639.0 8.577207000e-08
640.0 8.583006000e-08
641.0 8.588763000e-08
642.0 8.594477000e-08
643.0 8.600149000e-08
644.0 8.605778000e-08
645.0 8.611365000e-08
646.0 8.616910000e-08
647.0 8.622412000e-08
648.0 8.627871000e-08
649.0 8.633289000e-08
650.0 8.638664000e-08
651.0 8.643996000e-08
652.0 8.649287000e-08
653.0 8.654535000e-08
654.0 8.659741000e-08
655.0 8.664905000e-08
656.0 8.670027000e-08
657.0 8.675107000e-08
658.0 8.680145000e-08
659.0 8.685141000e-08
660.0 8.690095000e-08
661.0 8.695008000e-08
662.0 8.699879000e-08
663.0 8.704708000e-08
664.0 8.709496000e-08
665.0 8.714243000e-08
666.0 8.718948000e-08
667.0 8.723613000e-08
668.0 8.728236000e-08
669.0 8.732818000e-08
670.0 8.737360000e-08
671.0 8.741861000e-08
672.0 8.746322000e-08
673.0 8.750742000e-08
674.0 8.755122000e-08
675.0 8.759463000e-08
676.0 8.763763000e-08
677.0 8.768023000e-08
678.0 8.772244000e-08
679.0 8.776426000e-08
680.0 8.780569000e-08
681.0 8.784673000e-08
682.0 8.788738000e-08
683.0 8.792765000e-08
684.0 8.796754000e-08
685.0 8.800705000e-08
686.0 8.804618000e-08
687.0 8.808494000e-08
688.0 8.812333000e-08
689.0 8.816136000e-08
690.0 8.819901000e-08
691.0 8.823630000e-08
692.0 8.827323000e-08
693.0 8.830981000e-08
694.0 8.834602000e-08
695.0 8.838189000e-08
696.0 8.841742000e-08
697.0 8.845260000e-08
698.0 8.848744000e-08
699.0 8.852194000e-08
700.0 8.855612000e-08
701.0 8.858997000e-08
702.0 8.862350000e-08
703.0 8.865671000e-08
704.0 8.868961000e-08
705.0 8.872220000e-08
706.0 8.875449000e-08
707.0 8.878649000e-08
708.0 8.881819000e-08
709.0 8.884961000e-08
710.0 8.888075000e-08
711.0 8.891161000e-08
712.0 8.894221000e-08
713.0 8.897254000e-08
714.0 8.900262000e-08
715.0 8.903244000e-08
716.0 8.906203000e-08
717.0 8.909138000e-08
718.0 8.912050000e-08
719.0 8.914940000e-08
720.0 8.917808000e-08
721.0 8.920656000e-08
722.0 8.923483000e-08
723.0 8.926292000e-08
724.0 8.929081000e-08
725.0 8.931853000e-08
726.0 8.934607000e-08
727.0 8.937345000e-08
728.0 8.940068000e-08
729.0 8.942776000e-08
730.0 8.945470000e-08
731.0 8.948152000e-08
732.0 8.950821000e-08
733.0 8.953479000e-08
734.0 8.956127000e-08
735.0 8.958765000e-08
736.0 8.961395000e-08
737.0 8.964017000e-08
738.0 8.966633000e-08
739.0 8.969242000e-08
740.0 8.971847000e-08
741.0 8.974447000e-08
742.0 8.977044000e-08
743.0 8.979638000e-08
744.0 8.982231000e-08
745.0 8.984824000e-08
746.0 8.987416000e-08
747.0 8.990010000e-08
748.0 8.992606000e-08
749.0 8.995205000e-08
750.0 8.997808000e-08
751.0 9.000416000e-08
752.0 9.003030000e-08
753.0 9.005650000e-08
754.0 9.008278000e-08
755.0 9.010914000e-08
756.0 9.013559000e-08
757.0 9.016215000e-08
758.0 9.018882000e-08
759.0 9.021561000e-08
760.0 9.024252000e-08
761.0 9.026957000e-08
762.0 9.029677000e-08
763.0 9.032412000e-08
764.0 9.035164000e-08
765.0 9.037933000e-08
766.0 9.040719000e-08
767.0 9.043525000e-08
768.0 9.046350000e-08
769.0 9.049195000e-08
770.0 9.052062000e-08
771.0 9.054951000e-08
772.0 9.057862000e-08
773.0 9.060797000e-08
774.0 9.063756000e-08
775.0 9.066740000e-08
776.0 9.069750000e-08
777.0 9.072786000e-08
778.0 9.075850000e-08
779.0 9.078941000e-08
780.0 9.082061000e-08
781.0 9.085211000e-08
782.0 9.088390000e-08
783.0 9.091600000e-08
784.0 9.094841000e-08
785.0 9.098114000e-08
786.0 9.101420000e-08
787.0 9.104759000e-08
788.0 9.108131000e-08
789.0 9.111538000e-08
790.0 9.114979000e-08
791.0 9.118456000e-08
792.0 9.121969000e-08
793.0 9.125519000e-08
794.0 9.129105000e-08
795.0 9.132728000e-08
796.0 9.136390000e-08
797.0 9.140090000e-08
798.0 9.143828000e-08
799.0 9.147606000e-08
800.0 9.151424000e-08
801.0 9.155281000e-08
802.0 9.159179000e-08
803.0 9.163118000e-08
804.0 9.167097000e-08
805.0 9.171118000e-08
806.0 9.175181000e-08
807.0 9.179286000e-08
808.0 9.183432000e-08
809.0 9.187622000e-08
810.0 9.191854000e-08
811.0 9.196129000e-08
812.0 9.200448000e-08
813.0 9.204809000e-08
814.0 9.209214000e-08
815.0 9.213663000e-08
816.0 9.218155000e-08
817.0 9.222692000e-08
818.0 9.227272000e-08
819.0 9.231897000e-08
820.0 9.236565000e-08
821.0 9.241278000e-08
822.0 9.246035000e-08
823.0 9.250836000e-08
824.0 9.255681000e-08
825.0 9.260571000e-08
826.0 9.265504000e-08
827.0 9.270482000e-08
828.0 9.275503000e-08
829.0 9.280569000e-08
830.0 9.285678000e-08
831.0 9.290831000e-08
832.0 9.296027000e-08
833.0 9.301267000e-08
834.0 9.306550000e-08
835.0 9.311875000e-08
836.0 9.317244000e-08
837.0 9.322655000e-08
838.0 9.328108000e-08
839.0 9.333603000e-08
840.0 9.339140000e-08
841.0 9.344719000e-08
842.0 9.350339000e-08
843.0 9.355999000e-08
844.0 9.361700000e-08
845.0 9.367442000e-08
846.0 9.373223000e-08
847.0 9.379043000e-08
848.0 9.384903000e-08
849.0 9.390801000e-08
850.0 9.396738000e-08
851.0 9.402712000e-08
852.0 9.408723000e-08
853.0 9.414772000e-08
854.0 9.420856000e-08
855.0 9.426977000e-08
856.0 9.433133000e-08
857.0 9.439324000e-08
858.0 9.445549000e-08
859.0 9.451808000e-08
860.0 9.458101000e-08
861.0 9.464426000e-08
862.0 9.470784000e-08
863.0 9.477173000e-08
864.0 9.483594000e-08
865.0 9.490045000e-08
866.0 9.496526000e-08
867.0 9.503036000e-08
868.0 9.509576000e-08
869.0 9.516143000e-08
870.0 9.522738000e-08
871.0 9.529360000e-08
872.0 9.536008000e-08
873.0 9.542682000e-08
874.0 9.549381000e-08
875.0 9.556104000e-08
876.0 9.562851000e-08
877.0 9.569621000e-08
878.0 9.576414000e-08
879.0 9.583228000e-08
880.0 9.590064000e-08
881.0 9.596920000e-08
882.0 9.603795000e-08
883.0 9.610690000e-08
884.0 9.617603000e-08
885.0 9.624534000e-08
886.0 9.631482000e-08
887.0 9.638447000e-08
888.0 9.645427000e-08
889.0 9.652422000e-08
890.0 9.659432000e-08
891.0 9.666455000e-08
892.0 9.673492000e-08
893.0 9.680541000e-08
894.0 9.687601000e-08
895.0 9.694673000e-08
896.0 9.701756000e-08
897.0 9.708848000e-08
898.0 9.715949000e-08
899.0 9.723058000e-08
900.0 9.730175000e-08
901.0 9.737300000e-08
902.0 9.744430000e-08
903.0 9.751566000e-08
904.0 9.758708000e-08
905.0 9.765853000e-08
906.0 9.773002000e-08
907.0 9.780155000e-08
908.0 9.787309000e-08
909.0 9.794466000e-08
910.0 9.801623000e-08
911.0 9.808780000e-08
912.0 9.815938000e-08
913.0 9.823094000e-08
914.0 9.830249000e-08
915.0 9.837402000e-08
916.0 9.844552000e-08
917.0 9.851698000e-08
918.0 9.858840000e-08
919.0 9.865977000e-08
920.0 9.873109000e-08
921.0 9.880235000e-08
922.0 9.887355000e-08
923.0 9.894467000e-08
924.0 9.901572000e-08
925.0 9.908668000e-08
926.0 9.915755000e-08
927.0 9.922832000e-08
928.0 9.929900000e-08
929.0 9.936956000e-08
930.0 9.944002000e-08
931.0 9.951035000e-08
932.0 9.958056000e-08
933.0 9.965064000e-08
934.0 9.972058000e-08
935.0 9.979038000e-08
936.0 9.986003000e-08
937.0 9.992954000e-08
938.0 9.999888000e-08
939.0 1.000681000e-07
940.0 1.001371000e-07
941.0 1.002059000e-07
942.0 1.002746000e-07
943.0 1.003431000e-07
944.0 1.004114000e-07
945.0 1.004795000e-07
946.0 1.005474000e-07
947.0 1.006151000e-07
948.0 1.006826000e-07
949.0 1.007499000e-07
950.0 1.008169000e-07
951.0 1.008838000e-07
952.0 1.009504000e-07
953.0 1.010168000e-07
954.0 1.010830000e-07
955.0 1.011489000e-07
956.0 1.012146000e-07
957.0 1.012801000e-07
958.0 1.013453000e-07
959.0 1.014103000e-07
960.0 1.014750000e-07
961.0 1.015394000e-07
962.0 1.016036000e-07
963.0 1.016675000e-07
964.0 1.017312000e-07
965.0 1.017946000e-07
966.0 1.018577000e-07
967.0 1.019205000e-07
968.0 1.019831000e-07
969.0 1.020453000e-07
970.0 1.021073000e-07
971.0 1.021690000e-07
972.0 1.022304000e-07
973.0 1.022916000e-07
974.0 1.023524000e-07
975.0 1.024129000e-07
976.0 1.024731000e-07
977.0 1.025331000e-07
978.0 1.025927000e-07
979.0 1.026520000e-07
980.0 1.027110000e-07
981.0 1.027698000e-07
982.0 1.028282000e-07
983.0 1.028862000e-07
984.0 1.029440000e-07
985.0 1.030015000e-07
986.0 1.030587000e-07
987.0 1.031155000e-07
988.0 1.031720000e-07
989.0 1.032282000e-07
990.0 1.032841000e-07
991.0 1.033397000e-07
992.0 1.033949000e-07
993.0 1.034499000e-07
994.0 1.035045000e-07
995.0 1.035588000e-07
996.0 1.036128000e-07
997.0 1.036665000e-07
998.0 1.037198000e-07
999.0 1.037729000e-07
1000.0 1.038256000e-07
1001.0 1.038780000e-07
1002.0 1.039301000e-07
1003.0 1.039819000e-07
1004.0 1.040333000e-07
1005.0 1.040845000e-07
1006.0 1.041353000e-07
1007.0 1.041859000e-07
1008.0 1.042361000e-07
1009.0 1.042860000e-07
1010.0 1.043356000e-07
1011.0 1.043850000e-07
1012.0 1.044340000e-07
1013.0 1.044827000e-07
1014.0 1.045312000e-07
1015.0 1.045793000e-07
1016.0 1.046272000e-07
1017.0 1.046748000e-07
1018.0 1.047221000e-07
1019.0 1.047691000e-07
1020.0 1.048159000e-07
1021.0 1.048624000e-07
1022.0 1.049086000e-07
1023.0 1.049545000e-07
1024.0 1.050002000e-07
1025.0 1.050456000e-07
1026.0 1.050908000e-07
1027.0 1.051357000e-07
1028.0 1.051804000e-07
1029.0 1.052248000e-07
1030.0 1.052690000e-07
1031.0 1.053130000e-07
1032.0 1.053567000e-07
1033.0 1.054003000e-07
1034.0 1.054436000e-07
1035.0 1.054866000e-07
1036.0 1.055295000e-07
1037.0 1.055722000e-07
1038.0 1.056146000e-07
1039.0 1.056569000e-07
1040.0 1.056990000e-07
1041.0 1.057409000e-07
1042.0 1.057826000e-07
1043.0 1.058241000e-07
1044.0 1.058655000e-07
1045.0 1.059067000e-07
1046.0 1.059478000e-07
1047.0 1.059887000e-07
1048.0 1.060294000e-07
1049.0 1.060701000e-07
1050.0 1.061105000e-07
1051.0 1.061509000e-07
1052.0 1.061911000e-07
1053.0 1.062312000e-07
1054.0 1.062713000e-07
1055.0 1.063111000e-07
1056.0 1.063509000e-07
1057.0 1.063907000e-07
1058.0 1.064303000e-07
1059.0 1.064698000e-07
1060.0 1.065093000e-07
1061.0 1.065487000e-07
1062.0 1.065880000e-07
1063.0 1.066273000e-07
1064.0 1.066665000e-07
1065.0 1.067057000e-07
1066.0 1.067449000e-07
1067.0 1.067840000e-07
1068.0 1.068231000e-07
1069.0 1.068622000e-07
1070.0 1.069013000e-07
1071.0 1.069404000e-07
1072.0 1.069795000e-07
1073.0 1.070186000e-07
1074.0 1.070577000e-07
1075.0 1.070969000e-07
1076.0 1.071361000e-07
1077.0 1.071753000e-07
1078.0 1.072145000e-07
1079.0 1.072539000e-07
1080.0 1.072932000e-07
1081.0 1.073327000e-07
1082.0 1.073722000e-07
1083.0 1.074118000e-07
1084.0 1.074515000e-07
1085.0 1.074913000e-07
1086.0 1.075311000e-07
1087.0 1.075711000e-07
1088.0 1.076112000e-07
1089.0 1.076514000e-07
1090.0 1.076917000e-07
1091.0 1.077322000e-07
1092.0 1.077728000e-07
1093.0 1.078135000e-07
1094.0 1.078544000e-07
1095.0 1.078954000e-07
1096.0 1.079366000e-07
1097.0 1.079780000e-07
1098.0 1.080195000e-07
1099.0 1.080612000e-07
1100.0 1.081031000e-07
1101.0 1.081451000e-07
1102.0 1.081874000e-07
1103.0 1.082299000e-07
1104.0 1.082725000e-07
1105.0 1.083154000e-07
1106.0 1.083585000e-07
1107.0 1.084018000e-07
1108.0 1.084453000e-07
1109.0 1.084890000e-07
1110.0 1.085330000e-07
1111.0 1.085772000e-07
1112.0 1.086217000e-07
1113.0 1.086664000e-07
1114.0 1.087113000e-07
1115.0 1.087565000e-07
1116.0 1.088019000e-07
1117.0 1.088477000e-07
1118.0 1.088936000e-07
1119.0 1.089399000e-07
1120.0 1.089864000e-07
1121.0 1.090332000e-07
1122.0 1.090802000e-07
1123.0 1.091276000e-07
1124.0 1.091752000e-07
1125.0 1.092231000e-07
1126.0 1.092713000e-07
1127.0 1.093198000e-07
1128.0 1.093685000e-07
1129.0 1.094176000e-07
1130.0 1.094670000e-07
1131.0 1.095167000e-07
1132.0 1.095666000e-07
1133.0 1.096169000e-07
1134.0 1.096675000e-07
1135.0 1.097184000e-07
1136.0 1.097696000e-07
1137.0 1.098211000e-07
1138.0 1.098729000e-07
1139.0 1.099251000e-07
1140.0 1.099775000e-07
1141.0 1.100303000e-07
1142.0 1.100834000e-07
1143.0 1.101368000e-07
1144.0 1.101905000e-07
1145.0 1.102445000e-07
1146.0 1.102988000e-07
1147.0 1.103535000e-07
1148.0 1.104085000e-07
1149.0 1.104638000e-07
1150.0 1.105194000e-07
1151.0 1.105753000e-07
1152.0 1.106315000e-07
1153.0 1.106881000e-07
1154.0 1.107449000e-07
1155.0 1.108021000e-07
1156.0 1.108596000e-07
1157.0 1.109173000e-07
1158.0 1.109754000e-07
1159.0 1.110338000e-07
1160.0 1.110925000e-07
1161.0 1.111515000e-07
1162.0 1.112108000e-07
1163.0 1.112704000e-07
1164.0 1.113302000e-07
1165.0 1.113904000e-07
1166.0 1.114509000e-07
1167.0 1.115116000e-07
1168.0 1.115726000e-07
1169.0 1.116339000e-07
1170.0 1.116955000e-07
1171.0 1.117574000e-07
1172.0 1.118195000e-07
1173.0 1.118819000e-07
1174.0 1.119445000e-07
1175.0 1.120075000e-07
1176.0 1.120706000e-07
1177.0 1.121340000e-07
1178.0 1.121977000e-07
1179.0 1.122616000e-07
1180.0 1.123258000e-07
1181.0 1.123901000e-07
1182.0 1.124548000e-07
1183.0 1.125196000e-07
1184.0 1.125847000e-07
1185.0 1.126499000e-07
1186.0 1.127154000e-07
1187.0 1.127811000e-07
1188.0 1.128470000e-07
1189.0 1.129132000e-07
1190.0 1.129795000e-07
1191.0 1.130460000e-07
1192.0 1.131126000e-07
1193.0 1.131795000e-07
1194.0 1.132465000e-07
1195.0 1.133137000e-07
1196.0 1.133811000e-07
1197.0 1.134486000e-07
1198.0 1.135163000e-07
1199.0 1.135841000e-07
1200.0 1.136521000e-07
1201.0 1.137202000e-07
1202.0 1.137884000e-07
1203.0 1.138568000e-07
1204.0 1.139253000e-07
1205.0 1.139939000e-07
1206.0 1.140626000e-07
1207.0 1.141314000e-07
1208.0 1.142003000e-07
1209.0 1.142693000e-07
1210.0 1.143384000e-07
1211.0 1.144076000e-07
1212.0 1.144768000e-07
1213.0 1.145461000e-07
1214.0 1.146155000e-07
1215.0 1.146850000e-07
1216.0 1.147545000e-07
1217.0 1.148240000e-07
1218.0 1.148936000e-07
1219.0 1.149632000e-07
1220.0 1.150328000e-07
1221.0 1.151025000e-07
1222.0 1.151722000e-07
1223.0 1.152419000e-07
1224.0 1.153116000e-07
1225.0 1.153813000e-07
1226.0 1.154510000e-07
1227.0 1.155207000e-07
1228.0 1.155903000e-07
1229.0 1.156600000e-07
1230.0 1.157296000e-07
1231.0 1.157992000e-07
1232.0 1.158687000e-07
1233.0 1.159382000e-07
1234.0 1.160076000e-07
1235.0 1.160770000e-07
1236.0 1.161462000e-07
1237.0 1.162155000e-07
1238.0 1.162846000e-07
1239.0 1.163537000e-07
1240.0 1.164226000e-07
1241.0 1.164915000e-07
1242.0 1.165603000e-07
1243.0 1.166289000e-07
1244.0 1.166975000e-07
1245.0 1.167659000e-07
1246.0 1.168342000e-07
1247.0 1.169024000e-07
1248.0 1.169704000e-07
1249.0 1.170383000e-07
1250.0 1.171060000e-07
1251.0 1.171736000e-07
1252.0 1.172410000e-07
1253.0 1.173083000e-07
1254.0 1.173754000e-07
1255.0 1.174423000e-07
1256.0 1.175090000e-07
1257.0 1.175755000e-07
1258.0 1.176418000e-07
1259.0 1.177080000e-07
1260.0 1.177739000e-07
1261.0 1.178396000e-07
1262.0 1.179051000e-07
1263.0 1.179704000e-07
1264.0 1.180354000e-07
1265.0 1.181003000e-07
1266.0 1.181649000e-07
1267.0 1.182292000e-07
1268.0 1.182933000e-07
1269.0 1.183572000e-07
1270.0 1.184208000e-07
1271.0 1.184841000e-07
1272.0 1.185472000e-07
1273.0 1.186101000e-07
1274.0 1.186726000e-07
1275.0 1.187349000e-07
1276.0 1.187969000e-07
1277.0 1.188586000e-07
1278.0 1.189201000e-07
1279.0 1.189812000e-07
1280.0 1.190421000e-07
1281.0 1.191027000e-07
1282.0 1.191629000e-07
1283.0 1.192229000e-07
1284.0 1.192826000e-07
1285.0 1.193419000e-07
1286.0 1.194010000e-07
1287.0 1.194597000e-07
1288.0 1.195181000e-07
1289.0 1.195763000e-07
1290.0 1.196340000e-07
1291.0 1.196915000e-07
1292.0 1.197487000e-07
1293.0 1.198055000e-07
1294.0 1.198620000e-07
1295.0 1.199182000e-07
1296.0 1.199740000e-07
1297.0 1.200296000e-07
1298.0 1.200848000e-07
1299.0 1.201396000e-07
1300.0 1.201941000e-07
1301.0 1.202483000e-07
1302.0 1.203022000e-07
1303.0 1.203557000e-07
1304.0 1.204089000e-07
1305.0 1.204618000e-07
1306.0 1.205143000e-07
1307.0 1.205665000e-07
1308.0 1.206183000e-07
1309.0 1.206698000e-07
1310.0 1.207210000e-07
1311.0 1.207719000e-07
1312.0 1.208224000e-07
1313.0 1.208725000e-07
1314.0 1.209224000e-07
1315.0 1.209719000e-07
1316.0 1.210211000e-07
1317.0 1.210699000e-07
1318.0 1.211184000e-07
1319.0 1.211666000e-07
1320.0 1.212145000e-07
1321.0 1.212620000e-07
1322.0 1.213093000e-07
1323.0 1.213562000e-07
1324.0 1.214028000e-07
1325.0 1.214490000e-07
1326.0 1.214950000e-07
1327.0 1.215406000e-07
1328.0 1.215859000e-07
1329.0 1.216310000e-07
1330.0 1.216757000e-07
1331.0 1.217201000e-07
1332.0 1.217642000e-07
1333.0 1.218081000e-07
1334.0 1.218516000e-07
1335.0 1.218948000e-07
1336.0 1.219378000e-07
1337.0 1.219805000e-07
1338.0 1.220229000e-07
1339.0 1.220650000e-07
1340.0 1.221069000e-07
1341.0 1.221485000e-07
1342.0 1.221898000e-07
1343.0 1.222309000e-07
1344.0 1.222717000e-07
1345.0 1.223123000e-07
1346.0 1.223526000e-07
1347.0 1.223927000e-07
1348.0 1.224326000e-07
1349.0 1.224722000e-07
1350.0 1.225117000e-07
1351.0 1.225509000e-07
1352.0 1.225899000e-07
1353.0 1.226286000e-07
1354.0 1.226672000e-07
1355.0 1.227056000e-07
1356.0 1.227438000e-07
1357.0 1.227819000e-07
1358.0 1.228197000e-07
1359.0 1.228574000e-07
1360.0 1.228949000e-07
1361.0 1.229323000e-07
1362.0 1.229695000e-07
1363.0 1.230065000e-07
1364.0 1.230435000e-07
1365.0 1.230803000e-07
1366.0 1.231169000e-07
1367.0 1.231535000e-07
1368.0 1.231899000e-07
1369.0 1.232263000e-07
1370.0 1.232625000e-07
1371.0 1.232987000e-07
1372.0 1.233348000e-07
1373.0 1.233708000e-07
1374.0 1.234067000e-07
1375.0 1.234426000e-07
1376.0 1.234785000e-07
1377.0 1.235143000e-07
1378.0 1.235500000e-07
1379.0 1.235858000e-07
1380.0 1.236215000e-07
1381.0 1.236572000e-07
1382.0 1.236928000e-07
1383.0 1.237285000e-07
1384.0 1.237642000e-07
1385.0 1.238000000e-07
1386.0 1.238357000e-07
1387.0 1.238715000e-07
1388.0 1.239073000e-07
1389.0 1.239432000e-07
1390.0 1.239791000e-07
1391.0 1.240151000e-07
1392.0 1.240511000e-07
1393.0 1.240873000e-07
1394.0 1.241235000e-07
1395.0 1.241598000e-07
1396.0 1.241963000e-07
1397.0 1.242328000e-07
1398.0 1.242695000e-07
1399.0 1.243062000e-07
1400.0 1.243432000e-07
1401.0 1.243802000e-07
1402.0 1.244174000e-07
1403.0 1.244548000e-07
1404.0 1.244923000e-07
1405.0 1.245300000e-07
1406.0 1.245679000e-07
1407.0 1.246060000e-07
1408.0 1.246442000e-07
1409.0 1.246827000e-07
1410.0 1.247214000e-07
1411.0 1.247603000e-07
1412.0 1.247994000e-07
1413.0 1.248387000e-07
1414.0 1.248783000e-07
1415.0 1.249181000e-07
1416.0 1.249582000e-07
1417.0 1.249985000e-07
1418.0 1.250391000e-07
1419.0 1.250800000e-07
1420.0 1.251211000e-07
1421.0 1.251625000e-07
1422.0 1.252043000e-07
1423.0 1.252463000e-07
1424.0 1.252886000e-07
1425.0 1.253312000e-07
1426.0 1.253742000e-07
1427.0 1.254174000e-07
1428.0 1.254610000e-07
1429.0 1.255049000e-07
1430.0 1.255492000e-07
1431.0 1.255938000e-07
1432.0 1.256387000e-07
1433.0 1.256840000e-07
1434.0 1.257297000e-07
1435.0 1.257757000e-07
1436.0 1.258221000e-07
1437.0 1.258689000e-07
1438.0 1.259161000e-07
1439.0 1.259636000e-07
1440.0 1.260115000e-07
1441.0 1.260599000e-07
1442.0 1.261086000e-07
1443.0 1.261577000e-07
1444.0 1.262072000e-07
1445.0 1.262572000e-07
1446.0 1.263075000e-07
1447.0 1.263583000e-07
1448.0 1.264095000e-07
1449.0 1.264611000e-07
1450.0 1.265132000e-07
1451.0 1.265657000e-07
1452.0 1.266186000e-07
1453.0 1.266720000e-07
1454.0 1.267258000e-07
1455.0 1.267800000e-07
1456.0 1.268347000e-07
1457.0 1.268899000e-07
1458.0 1.269455000e-07
1459.0 1.270015000e-07
1460.0 1.270581000e-07
1461.0 1.271150000e-07
1462.0 1.271725000e-07
1463.0 1.272304000e-07
1464.0 1.272887000e-07
1465.0 1.273476000e-07
1466.0 1.274069000e-07
1467.0 1.274667000e-07
1468.0 1.275269000e-07
1469.0 1.275876000e-07
1470.0 1.276488000e-07
1471.0 1.277105000e-07
1472.0 1.277726000e-07
1473.0 1.278352000e-07
1474.0 1.278983000e-07
1475.0 1.279619000e-07
1476.0 1.280259000e-07
1477.0 1.280904000e-07
1478.0 1.281554000e-07
1479.0 1.282209000e-07
1480.0 1.282868000e-07
1481.0 1.283532000e-07
1482.0 1.284201000e-07
1483.0 1.284875000e-07
1484.0 1.285553000e-07
1485.0 1.286236000e-07
1486.0 1.286924000e-07
1487.0 1.287616000e-07
1488.0 1.288314000e-07
1489.0 1.289015000e-07
1490.0 1.289722000e-07
1491.0 1.290433000e-07
1492.0 1.291149000e-07
1493.0 1.291869000e-07
1494.0 1.292594000e-07
1495.0 1.293323000e-07
1496.0 1.294057000e-07
1497.0 1.294795000e-07
1498.0 1.295538000e-07
1499.0 1.296286000e-07
1500.0 1.297038000e-07
1501.0 1.297794000e-07
1502.0 1.298554000e-07
1503.0 1.299319000e-07
1504.0 1.300089000e-07
1505.0 1.300862000e-07
1506.0 1.301640000e-07
1507.0 1.302422000e-07
1508.0 1.303208000e-07
1509.0 1.303998000e-07
1510.0 1.304792000e-07
1511.0 1.305591000e-07
1512.0 1.306393000e-07
1513.0 1.307200000e-07
1514.0 1.308010000e-07
1515.0 1.308824000e-07
1516.0 1.309642000e-07
1517.0 1.310464000e-07
1518.0 1.311289000e-07
1519.0 1.312119000e-07
1520.0 1.312952000e-07
1521.0 1.313788000e-07
1522.0 1.314628000e-07
1523.0 1.315472000e-07
1524.0 1.316319000e-07
1525.0 1.317169000e-07
1526.0 1.318023000e-07
1527.0 1.318880000e-07
1528.0 1.319740000e-07
1529.0 1.320604000e-07
1530.0 1.321470000e-07
1531.0 1.322340000e-07
1532.0 1.323212000e-07
1533.0 1.324088000e-07
1534.0 1.324966000e-07
1535.0 1.325847000e-07
1536.0 1.326731000e-07
1537.0 1.327617000e-07
1538.0 1.328507000e-07
1539.0 1.329398000e-07
1540.0 1.330292000e-07
1541.0 1.331189000e-07
1542.0 1.332088000e-07
1543.0 1.332989000e-07
1544.0 1.333892000e-07
1545.0 1.334797000e-07
1546.0 1.335705000e-07
1547.0 1.336614000e-07
1548.0 1.337526000e-07
1549.0 1.338439000e-07
1550.0 1.339354000e-07
1551.0 1.340271000e-07
1552.0 1.341190000e-07
1553.0 1.342110000e-07
1554.0 1.343031000e-07
1555.0 1.343954000e-07
1556.0 1.344878000e-07
1557.0 1.345804000e-07
1558.0 1.346731000e-07
1559.0 1.347659000e-07
1560.0 1.348588000e-07
1561.0 1.349518000e-07
1562.0 1.350449000e-07
1563.0 1.351381000e-07
1564.0 1.352314000e-07
1565.0 1.353247000e-07
1566.0 1.354181000e-07
1567.0 1.355116000e-07
1568.0 1.356051000e-07
1569.0 1.356986000e-07
1570.0 1.357922000e-07
1571.0 1.358858000e-07
1572.0 1.359795000e-07
1573.0 1.360731000e-07
1574.0 1.361668000e-07
1575.0 1.362605000e-07
1576.0 1.363541000e-07
1577.0 1.364478000e-07
1578.0 1.365414000e-07
1579.0 1.366351000e-07
1580.0 1.367286000e-07
1581.0 1.368222000e-07
1582.0 1.369157000e-07
1583.0 1.370091000e-07
1584.0 1.371025000e-07
1585.0 1.371958000e-07
1586.0 1.372891000e-07
1587.0 1.373822000e-07
1588.0 1.374753000e-07
1589.0 1.375683000e-07
1590.0 1.376612000e-07
1591.0 1.377540000e-07
1592.0 1.378467000e-07
1593.0 1.379393000e-07
1594.0 1.380317000e-07
1595.0 1.381240000e-07
1596.0 1.382162000e-07
1597.0 1.383082000e-07
1598.0 1.384001000e-07
1599.0 1.384918000e-07
1600.0 1.385834000e-07
1601.0 1.386748000e-07
1602.0 1.387661000e-07
1603.0 1.388572000e-07
1604.0 1.389481000e-07
1605.0 1.390388000e-07
1606.0 1.391293000e-07
1607.0 1.392196000e-07
1608.0 1.393098000e-07
1609.0 1.393997000e-07
1610.0 1.394894000e-07
1611.0 1.395789000e-07
1612.0 1.396682000e-07
1613.0 1.397573000e-07
1614.0 1.398461000e-07
1615.0 1.399347000e-07
1616.0 1.400231000e-07
1617.0 1.401113000e-07
1618.0 1.401992000e-07
1619.0 1.402868000e-07
1620.0 1.403742000e-07
1621.0 1.404614000e-07
1622.0 1.405483000e-07
1623.0 1.406349000e-07
1624.0 1.407213000e-07
1625.0 1.408074000e-07
1626.0 1.408933000e-07
1627.0 1.409789000e-07
1628.0 1.410642000e-07
1629.0 1.411492000e-07
1630.0 1.412340000e-07
1631.0 1.413185000e-07
1632.0 1.414027000e-07
1633.0 1.414866000e-07
1634.0 1.415703000e-07
1635.0 1.416537000e-07
1636.0 1.417368000e-07
1637.0 1.418196000e-07
1638.0 1.419021000e-07
1639.0 1.419843000e-07
1640.0 1.420663000e-07
1641.0 1.421480000e-07
1642.0 1.422294000e-07
1643.0 1.423105000e-07
1644.0 1.423913000e-07
1645.0 1.424718000e-07
1646.0 1.425521000e-07
1647.0 1.426321000e-07
1648.0 1.427118000e-07
1649.0 1.427912000e-07
1650.0 1.428703000e-07
1651.0 1.429491000e-07
1652.0 1.430277000e-07
1653.0 1.431060000e-07
1654.0 1.431840000e-07
1655.0 1.432618000e-07
1656.0 1.433393000e-07
1657.0 1.434165000e-07
1658.0 1.434934000e-07
1659.0 1.435701000e-07
1660.0 1.436465000e-07
1661.0 1.437227000e-07
1662.0 1.437986000e-07
1663.0 1.438743000e-07
1664.0 1.439497000e-07
1665.0 1.440249000e-07
1666.0 1.440998000e-07
1667.0 1.441745000e-07
1668.0 1.442490000e-07
1669.0 1.443232000e-07
1670.0 1.443972000e-07
1671.0 1.444710000e-07
1672.0 1.445446000e-07
1673.0 1.446180000e-07
1674.0 1.446911000e-07
1675.0 1.447641000e-07
1676.0 1.448369000e-07
1677.0 1.449095000e-07
1678.0 1.449818000e-07
1679.0 1.450541000e-07
1680.0 1.451261000e-07
1681.0 1.451980000e-07
1682.0 1.452697000e-07
1683.0 1.453412000e-07
1684.0 1.454126000e-07
1685.0 1.454839000e-07
1686.0 1.455550000e-07
1687.0 1.456260000e-07
1688.0 1.456968000e-07
1689.0 1.457676000e-07
1690.0 1.458382000e-07
1691.0 1.459087000e-07
1692.0 1.459791000e-07
1693.0 1.460495000e-07
1694.0 1.461197000e-07
1695.0 1.461899000e-07
1696.0 1.462600000e-07
1697.0 1.463300000e-07
1698.0 1.464000000e-07
1699.0 1.464700000e-07
1700.0 1.465399000e-07
1701.0 1.466097000e-07
1702.0 1.466796000e-07
1703.0 1.467494000e-07
1704.0 1.468192000e-07
1705.0 1.468890000e-07
1706.0 1.469588000e-07
1707.0 1.470287000e-07
1708.0 1.470985000e-07
1709.0 1.471684000e-07
1710.0 1.472383000e-07
1711.0 1.473082000e-07
1712.0 1.473782000e-07
1713.0 1.474483000e-07
1714.0 1.475185000e-07
1715.0 1.475887000e-07
1716.0 1.476590000e-07
1717.0 1.477293000e-07
1718.0 1.477998000e-07
1719.0 1.478704000e-07
1720.0 1.479411000e-07
1721.0 1.480120000e-07
1722.0 1.480829000e-07
1723.0 1.481540000e-07
1724.0 1.482253000e-07
1725.0 1.482967000e-07
1726.0 1.483682000e-07
1727.0 1.484400000e-07
1728.0 1.485119000e-07
1729.0 1.485840000e-07
1730.0 1.486563000e-07
1731.0 1.487288000e-07
1732.0 1.488015000e-07
1733.0 1.488744000e-07
1734.0 1.489476000e-07
1735.0 1.490209000e-07
1736.0 1.490946000e-07
1737.0 1.491684000e-07
1738.0 1.492426000e-07
1739.0 1.493170000e-07
1740.0 1.493916000e-07
1741.0 1.494666000e-07
1742.0 1.495418000e-07
1743.0 1.496173000e-07
1744.0 1.496931000e-07
1745.0 1.497692000e-07
1746.0 1.498457000e-07
1747.0 1.499224000e-07
1748.0 1.499995000e-07
1749.0 1.500769000e-07
1750.0 1.501546000e-07
1751.0 1.502327000e-07
1752.0 1.503111000e-07
1753.0 1.503899000e-07
1754.0 1.504691000e-07
1755.0 1.505486000e-07
1756.0 1.506285000e-07
1757.0 1.507088000e-07
1758.0 1.507894000e-07
1759.0 1.508705000e-07
1760.0 1.509519000e-07
1761.0 1.510338000e-07
1762.0 1.511160000e-07
1763.0 1.511987000e-07
1764.0 1.512818000e-07
1765.0 1.513653000e-07
1766.0 1.514492000e-07
1767.0 1.515336000e-07
1768.0 1.516183000e-07
1769.0 1.517036000e-07
1770.0 1.517892000e-07
1771.0 1.518753000e-07
1772.0 1.519619000e-07
1773.0 1.520489000e-07
1774.0 1.521364000e-07
1775.0 1.522243000e-07
1776.0 1.523128000e-07
1777.0 1.524016000e-07
1778.0 1.524910000e-07
1779.0 1.525808000e-07
1780.0 1.526711000e-07
1781.0 1.527619000e-07
1782.0 1.528531000e-07
1783.0 1.529449000e-07
1784.0 1.530371000e-07
1785.0 1.531298000e-07
1786.0 1.532230000e-07
1787.0 1.533167000e-07
1788.0 1.534109000e-07
1789.0 1.535056000e-07
1790.0 1.536007000e-07
1791.0 1.536964000e-07
1792.0 1.537926000e-07
1793.0 1.538892000e-07
1794.0 1.539864000e-07
1795.0 1.540841000e-07
1796.0 1.541822000e-07
1797.0 1.542809000e-07
1798.0 1.543800000e-07
1799.0 1.544797000e-07
1800.0 1.545798000e-07
1801.0 1.546805000e-07
1802.0 1.547816000e-07
1803.0 1.548833000e-07
1804.0 1.549854000e-07
1805.0 1.550880000e-07
1806.0 1.551912000e-07
1807.0 1.552948000e-07
1808.0 1.553989000e-07
1809.0 1.555035000e-07
1810.0 1.556085000e-07
1811.0 1.557141000e-07
1812.0 1.558201000e-07
1813.0 1.559266000e-07
1814.0 1.560335000e-07
1815.0 1.561410000e-07
1816.0 1.562489000e-07
1817.0 1.563572000e-07
1818.0 1.564661000e-07
1819.0 1.565753000e-07
1820.0 1.566851000e-07
1821.0 1.567952000e-07
1822.0 1.569058000e-07
1823.0 1.570169000e-07
1824.0 1.571284000e-07
1825.0 1.572403000e-07
1826.0 1.573526000e-07
1827.0 1.574654000e-07
1828.0 1.575786000e-07
1829.0 1.576922000e-07
1830.0 1.578062000e-07
1831.0 1.579206000e-07
1832.0 1.580354000e-07
1833.0 1.581506000e-07
1834.0 1.582661000e-07
1835.0 1.583821000e-07
1836.0 1.584984000e-07
1837.0 1.586151000e-07
1838.0 1.587321000e-07
1839.0 1.588495000e-07
1840.0 1.589672000e-07
1841.0 1.590853000e-07
1842.0 1.592037000e-07
1843.0 1.593225000e-07
1844.0 1.594415000e-07
1845.0 1.595609000e-07
1846.0 1.596806000e-07
1847.0 1.598005000e-07
1848.0 1.599208000e-07
1849.0 1.600413000e-07
1850.0 1.601622000e-07
1851.0 1.602832000e-07
1852.0 1.604046000e-07
1853.0 1.605262000e-07
1854.0 1.606480000e-07
1855.0 1.607701000e-07
1856.0 1.608924000e-07
1857.0 1.610150000e-07
1858.0 1.611377000e-07
1859.0 1.612607000e-07
1860.0 1.613838000e-07
1861.0 1.615071000e-07
1862.0 1.616306000e-07
1863.0 1.617543000e-07
1864.0 1.618782000e-07
1865.0 1.620021000e-07
1866.0 1.621263000e-07
1867.0 1.622505000e-07
1868.0 1.623749000e-07
1869.0 1.624994000e-07
1870.0 1.626240000e-07
1871.0 1.627487000e-07
1872.0 1.628735000e-07
1873.0 1.629983000e-07
1874.0 1.631232000e-07
1875.0 1.632482000e-07
1876.0 1.633732000e-07
1877.0 1.634983000e-07
1878.0 1.636234000e-07
1879.0 1.637485000e-07
1880.0 1.638737000e-07
1881.0 1.639988000e-07
1882.0 1.641239000e-07
1883.0 1.642490000e-07
1884.0 1.643741000e-07
1885.0 1.644991000e-07
1886.0 1.646241000e-07
1887.0 1.647490000e-07
1888.0 1.648739000e-07
1889.0 1.649987000e-07
1890.0 1.651234000e-07
1891.0 1.652480000e-07
1892.0 1.653725000e-07
1893.0 1.654969000e-07
1894.0 1.656212000e-07
1895.0 1.657453000e-07
1896.0 1.658693000e-07
1897.0 1.659932000e-07
1898.0 1.661169000e-07
1899.0 1.662404000e-07
1900.0 1.663637000e-07
1901.0 1.664869000e-07
1902.0 1.666099000e-07
1903.0 1.667326000e-07
1904.0 1.668552000e-07
1905.0 1.669775000e-07
1906.0 1.670996000e-07
1907.0 1.672215000e-07
1908.0 1.673431000e-07
1909.0 1.674645000e-07
1910.0 1.675856000e-07
1911.0 1.677064000e-07
1912.0 1.678270000e-07
1913.0 1.679473000e-07
1914.0 1.680673000e-07
1915.0 1.681870000e-07
1916.0 1.683064000e-07
1917.0 1.684255000e-07
1918.0 1.685443000e-07
1919.0 1.686628000e-07
1920.0 1.687809000e-07
1921.0 1.688987000e-07
1922.0 1.690162000e-07
1923.0 1.691333000e-07
1924.0 1.692501000e-07
1925.0 1.693665000e-07
1926.0 1.694825000e-07
1927.0 1.695982000e-07
1928.0 1.697135000e-07
1929.0 1.698284000e-07
1930.0 1.699430000e-07
1931.0 1.700571000e-07
1932.0 1.701709000e-07
1933.0 1.702843000e-07
1934.0 1.703973000e-07
1935.0 1.705098000e-07
1936.0 1.706220000e-07
1937.0 1.707338000e-07
1938.0 1.708452000e-07
1939.0 1.709562000e-07
1940.0 1.710667000e-07
1941.0 1.711768000e-07
1942.0 1.712866000e-07
1943.0 1.713959000e-07
1944.0 1.715048000e-07
1945.0 1.716132000e-07
1946.0 1.717213000e-07
1947.0 1.718289000e-07
1948.0 1.719361000e-07
1949.0 1.720429000e-07
1950.0 1.721493000e-07
1951.0 1.722552000e-07
1952.0 1.723608000e-07
1953.0 1.724659000e-07
1954.0 1.725706000e-07
1955.0 1.726749000e-07
1956.0 1.727788000e-07
1957.0 1.728823000e-07
1958.0 1.729854000e-07
1959.0 1.730880000e-07
1960.0 1.731903000e-07
1961.0 1.732922000e-07
1962.0 1.733937000e-07
1963.0 1.734947000e-07
1964.0 1.735955000e-07
1965.0 1.736958000e-07
1966.0 1.737957000e-07
1967.0 1.738953000e-07
1968.0 1.739945000e-07
1969.0 1.740934000e-07
1970.0 1.741919000e-07
1971.0 1.742901000e-07
1972.0 1.743879000e-07
1973.0 1.744854000e-07
1974.0 1.745826000e-07
1975.0 1.746795000e-07
1976.0 1.747760000e-07
1977.0 1.748723000e-07
1978.0 1.749682000e-07
1979.0 1.750639000e-07
1980.0 1.751593000e-07
1981.0 1.752544000e-07
1982.0 1.753492000e-07
1983.0 1.754438000e-07
1984.0 1.755382000e-07
1985.0 1.756323000e-07
1986.0 1.757262000e-07
1987.0 1.758199000e-07
1988.0 1.759134000e-07
1989.0 1.760067000e-07
1990.0 1.760998000e-07
1991.0 1.761927000e-07
1992.0 1.762855000e-07
1993.0 1.763782000e-07
1994.0 1.764707000e-07
1995.0 1.765630000e-07
1996.0 1.766553000e-07
1997.0 1.767475000e-07
1998.0 1.768395000e-07
1999.0 1.769315000e-07
2000.0 1.770234000e-07
2001.0 1.771153000e-07
2002.0 1.772071000e-07
2003.0 1.772990000e-07
2004.0 1.773908000e-07
2005.0 1.774826000e-07
2006.0 1.775744000e-07
2007.0 1.776662000e-07
2008.0 1.777581000e-07
2009.0 1.778500000e-07
2010.0 1.779420000e-07
2011.0 1.780341000e-07
2012.0 1.781262000e-07
2013.0 1.782185000e-07
2014.0 1.783109000e-07
2015.0 1.784035000e-07
2016.0 1.784962000e-07
2017.0 1.785890000e-07
2018.0 1.786821000e-07
2019.0 1.787753000e-07
2020.0 1.788688000e-07
2021.0 1.789625000e-07
2022.0 1.790564000e-07
2023.0 1.791506000e-07
2024.0 1.792451000e-07
2025.0 1.793398000e-07
2026.0 1.794349000e-07
2027.0 1.795303000e-07
2028.0 1.796260000e-07
2029.0 1.797220000e-07
2030.0 1.798185000e-07
2031.0 1.799153000e-07
2032.0 1.800125000e-07
2033.0 1.801102000e-07
2034.0 1.802082000e-07
2035.0 1.803068000e-07
2036.0 1.804057000e-07
2037.0 1.805052000e-07
2038.0 1.806052000e-07
2039.0 1.807056000e-07
2040.0 1.808066000e-07
2041.0 1.809082000e-07
2042.0 1.810103000e-07
2043.0 1.811129000e-07
2044.0 1.812162000e-07
2045.0 1.813201000e-07
2046.0 1.814246000e-07
2047.0 1.815297000e-07
2048.0 1.816355000e-07
2049.0 1.817420000e-07
2050.0 1.818491000e-07
2051.0 1.819570000e-07
2052.0 1.820656000e-07
2053.0 1.821749000e-07
2054.0 1.822850000e-07
2055.0 1.823958000e-07
2056.0 1.825074000e-07
2057.0 1.826199000e-07
2058.0 1.827331000e-07
2059.0 1.828472000e-07
2060.0 1.829621000e-07
2061.0 1.830779000e-07
2062.0 1.831945000e-07
2063.0 1.833121000e-07
2064.0 1.834305000e-07
2065.0 1.835499000e-07
2066.0 1.836702000e-07
2067.0 1.837914000e-07
2068.0 1.839136000e-07
2069.0 1.840368000e-07
2070.0 1.841610000e-07
2071.0 1.842861000e-07
2072.0 1.844123000e-07
2073.0 1.845396000e-07
2074.0 1.846678000e-07
2075.0 1.847972000e-07
2076.0 1.849276000e-07
2077.0 1.850591000e-07
2078.0 1.851917000e-07
2079.0 1.853253000e-07
2080.0 1.854602000e-07
2081.0 1.855961000e-07
2082.0 1.857332000e-07
2083.0 1.858715000e-07
2084.0 1.860109000e-07
2085.0 1.861515000e-07
2086.0 1.862933000e-07
2087.0 1.864364000e-07
2088.0 1.865806000e-07
2089.0 1.867261000e-07
2090.0 1.868728000e-07
2091.0 1.870207000e-07
2092.0 1.871699000e-07
2093.0 1.873204000e-07
2094.0 1.874722000e-07
2095.0 1.876253000e-07
2096.0 1.877796000e-07
2097.0 1.879353000e-07
2098.0 1.880923000e-07
2099.0 1.882506000e-07
2100.0 1.884103000e-07
2101.0 1.885713000e-07
2102.0 1.887336000e-07
2103.0 1.888974000e-07
2104.0 1.890624000e-07
2105.0 1.892289000e-07
2106.0 1.893967000e-07
2107.0 1.895660000e-07
2108.0 1.897366000e-07
2109.0 1.899087000e-07
2110.0 1.900821000e-07
2111.0 1.902570000e-07
2112.0 1.904332000e-07
2113.0 1.906109000e-07
2114.0 1.907901000e-07
2115.0 1.909707000e-07
2116.0 1.911527000e-07
2117.0 1.913361000e-07
2118.0 1.915211000e-07
2119.0 1.917074000e-07
2120.0 1.918952000e-07
2121.0 1.920845000e-07
2122.0 1.922753000e-07
2123.0 1.924675000e-07
2124.0 1.926612000e-07
2125.0 1.928563000e-07
2126.0 1.930530000e-07
2127.0 1.932510000e-07
2128.0 1.934506000e-07
2129.0 1.936517000e-07
2130.0 1.938542000e-07
2131.0 1.940582000e-07
2132.0 1.942636000e-07
2133.0 1.944705000e-07
2134.0 1.946790000e-07
2135.0 1.948888000e-07
2136.0 1.951002000e-07
2137.0 1.953130000e-07
2138.0 1.955273000e-07
2139.0 1.957430000e-07
2140.0 1.959602000e-07
2141.0 1.961789000e-07
2142.0 1.963990000e-07
2143.0 1.966206000e-07
2144.0 1.968436000e-07
2145.0 1.970681000e-07
2146.0 1.972940000e-07
2147.0 1.975214000e-07
2148.0 1.977502000e-07
2149.0 1.979804000e-07
2150.0 1.982120000e-07
2151.0 1.984451000e-07
2152.0 1.986796000e-07
2153.0 1.989154000e-07
2154.0 1.991527000e-07
2155.0 1.993914000e-07
2156.0 1.996314000e-07
2157.0 1.998729000e-07
2158.0 2.001157000e-07
2159.0 2.003598000e-07
2160.0 2.006053000e-07
2161.0 2.008522000e-07
2162.0 2.011004000e-07
2163.0 2.013499000e-07
2164.0 2.016007000e-07
2165.0 2.018529000e-07
2166.0 2.021063000e-07
2167.0 2.023611000e-07
2168.0 2.026171000e-07
2169.0 2.028744000e-07
2170.0 2.031330000e-07
2171.0 2.033928000e-07
2172.0 2.036538000e-07
2173.0 2.039161000e-07
2174.0 2.041796000e-07
2175.0 2.044443000e-07
2176.0 2.047102000e-07
2177.0 2.049772000e-07
2178.0 2.052455000e-07
2179.0 2.055148000e-07
2180.0 2.057854000e-07
2181.0 2.060570000e-07
2182.0 2.063298000e-07
2183.0 2.066036000e-07
2184.0 2.068786000e-07
2185.0 2.071546000e-07
2186.0 2.074316000e-07
2187.0 2.077097000e-07
2188.0 2.079888000e-07
2189.0 2.082690000e-07
2190.0 2.085501000e-07
2191.0 2.088322000e-07
2192.0 2.091152000e-07
2193.0 2.093992000e-07
2194.0 2.096841000e-07
2195.0 2.099700000e-07
2196.0 2.102567000e-07
2197.0 2.105443000e-07
2198.0 2.108328000e-07
2199.0 2.111221000e-07
2200.0 2.114122000e-07
2201.0 2.117031000e-07
2202.0 2.119948000e-07
2203.0 2.122873000e-07
2204.0 2.125806000e-07
2205.0 2.128745000e-07
2206.0 2.131692000e-07
2207.0 2.134646000e-07
2208.0 2.137606000e-07
2209.0 2.140573000e-07
2210.0 2.143547000e-07
2211.0 2.146527000e-07
2212.0 2.149512000e-07
2213.0 2.152504000e-07
2214.0 2.155501000e-07
2215.0 2.158503000e-07
2216.0 2.161510000e-07
2217.0 2.164523000e-07
2218.0 2.167541000e-07
2219.0 2.170563000e-07
2220.0 2.173589000e-07
2221.0 2.176620000e-07
2222.0 2.179655000e-07
2223.0 2.182693000e-07
2224.0 2.185735000e-07
2225.0 2.188781000e-07
2226.0 2.191830000e-07
2227.0 2.194882000e-07
2228.0 2.197937000e-07
2229.0 2.200995000e-07
2230.0 2.204055000e-07
2231.0 2.207117000e-07
2232.0 2.210181000e-07
2233.0 2.213248000e-07
2234.0 2.216316000e-07
2235.0 2.219386000e-07
2236.0 2.222457000e-07
2237.0 2.225529000e-07
2238.0 2.228602000e-07
2239.0 2.231676000e-07
2240.0 2.234751000e-07
2241.0 2.237826000e-07
2242.0 2.240901000e-07
2243.0 2.243977000e-07
2244.0 2.247052000e-07
2245.0 2.250127000e-07
2246.0 2.253202000e-07
2247.0 2.256277000e-07
2248.0 2.259350000e-07
2249.0 2.262423000e-07
2250.0 2.265494000e-07
2251.0 2.268565000e-07
2252.0 2.271634000e-07
2253.0 2.274702000e-07
2254.0 2.277767000e-07
2255.0 2.280832000e-07
2256.0 2.283894000e-07
2257.0 2.286954000e-07
2258.0 2.290012000e-07
2259.0 2.293068000e-07
2260.0 2.296121000e-07
2261.0 2.299171000e-07
2262.0 2.302219000e-07
2263.0 2.305264000e-07
2264.0 2.308306000e-07
2265.0 2.311345000e-07
2266.0 2.314380000e-07
2267.0 2.317413000e-07
2268.0 2.320442000e-07
2269.0 2.323467000e-07
2270.0 2.326489000e-07
2271.0 2.329507000e-07
2272.0 2.332522000e-07
2273.0 2.335532000e-07
2274.0 2.338539000e-07
2275.0 2.341541000e-07
2276.0 2.344540000e-07
2277.0 2.347534000e-07
2278.0 2.350524000e-07
2279.0 2.353510000e-07
2280.0 2.356491000e-07
2281.0 2.359468000e-07
2282.0 2.362440000e-07
2283.0 2.365408000e-07
2284.0 2.368372000e-07
2285.0 2.371330000e-07
2286.0 2.374285000e-07
2287.0 2.377234000e-07
2288.0 2.380179000e-07
2289.0 2.383119000e-07
2290.0 2.386055000e-07
2291.0 2.388985000e-07
2292.0 2.391911000e-07
2293.0 2.394832000e-07
2294.0 2.397749000e-07
2295.0 2.400661000e-07
2296.0 2.403568000e-07
2297.0 2.406470000e-07
2298.0 2.409368000e-07
2299.0 2.412261000e-07
2300.0 2.415150000e-07
2301.0 2.418033000e-07
2302.0 2.420913000e-07
2303.0 2.423788000e-07
2304.0 2.426658000e-07
2305.0 2.429524000e-07
2306.0 2.432385000e-07
2307.0 2.435243000e-07
2308.0 2.438096000e-07
2309.0 2.440944000e-07
2310.0 2.443789000e-07
2311.0 2.446630000e-07
2312.0 2.449466000e-07
2313.0 2.452299000e-07
2314.0 2.455128000e-07
2315.0 2.457954000e-07
2316.0 2.460775000e-07
2317.0 2.463594000e-07
2318.0 2.466408000e-07
2319.0 2.469220000e-07
2320.0 2.472028000e-07
2321.0 2.474833000e-07
2322.0 2.477635000e-07
2323.0 2.480435000e-07
2324.0 2.483231000e-07
2325.0 2.486025000e-07
2326.0 2.488817000e-07
2327.0 2.491606000e-07
2328.0 2.494393000e-07
2329.0 2.497177000e-07
2330.0 2.499960000e-07
2331.0 2.502741000e-07
2332.0 2.505521000e-07
2333.0 2.508299000e-07
2334.0 2.511075000e-07
2335.0 2.513851000e-07
2336.0 2.516625000e-07
2337.0 2.519398000e-07
2338.0 2.522171000e-07
2339.0 2.524943000e-07
2340.0 2.527715000e-07
2341.0 2.530486000e-07
2342.0 2.533257000e-07
2343.0 2.536029000e-07
2344.0 2.538800000e-07
2345.0 2.541572000e-07
2346.0 2.544345000e-07
2347.0 2.547118000e-07
2348.0 2.549893000e-07
2349.0 2.552668000e-07
2350.0 2.555445000e-07
2351.0 2.558223000e-07
2352.0 2.561003000e-07
2353.0 2.563785000e-07
2354.0 2.566569000e-07
2355.0 2.569355000e-07
2356.0 2.572143000e-07
2357.0 2.574934000e-07
2358.0 2.577728000e-07
2359.0 2.580524000e-07
2360.0 2.583324000e-07
2361.0 2.586127000e-07
2362.0 2.588934000e-07
2363.0 2.591744000e-07
2364.0 2.594558000e-07
2365.0 2.597376000e-07
2366.0 2.600198000e-07
2367.0 2.603025000e-07
2368.0 2.605856000e-07
2369.0 2.608692000e-07
2370.0 2.611533000e-07
2371.0 2.614379000e-07
2372.0 2.617230000e-07
2373.0 2.620087000e-07
2374.0 2.622949000e-07
2375.0 2.625818000e-07
2376.0 2.628692000e-07
2377.0 2.631572000e-07
2378.0 2.634459000e-07
2379.0 2.637352000e-07
2380.0 2.640252000e-07
2381.0 2.643158000e-07
2382.0 2.646072000e-07
2383.0 2.648993000e-07
2384.0 2.651920000e-07
2385.0 2.654856000e-07
2386.0 2.657799000e-07
2387.0 2.660749000e-07
2388.0 2.663708000e-07
2389.0 2.666674000e-07
2390.0 2.669648000e-07
2391.0 2.672631000e-07
2392.0 2.675622000e-07
2393.0 2.678622000e-07
2394.0 2.681630000e-07
2395.0 2.684647000e-07
2396.0 2.687673000e-07
2397.0 2.690708000e-07
2398.0 2.693752000e-07
2399.0 2.696805000e-07
2400.0 2.699867000e-07
2401.0 2.702939000e-07
2402.0 2.706021000e-07
2403.0 2.709112000e-07
2404.0 2.712212000e-07
2405.0 2.715323000e-07
2406.0 2.718443000e-07
2407.0 2.721573000e-07
2408.0 2.724713000e-07
2409.0 2.727863000e-07
2410.0 2.731023000e-07
2411.0 2.734193000e-07
2412.0 2.737373000e-07
2413.0 2.740564000e-07
2414.0 2.743765000e-07
2415.0 2.746976000e-07
2416.0 2.750198000e-07
2417.0 2.753430000e-07
2418.0 2.756672000e-07
2419.0 2.759925000e-07
2420.0 2.763188000e-07
2421.0 2.766461000e-07
2422.0 2.769745000e-07
2423.0 2.773039000e-07
2424.0 2.776344000e-07
2425.0 2.779659000e-07
2426.0 2.782985000e-07
2427.0 2.786321000e-07
2428.0 2.789667000e-07
2429.0 2.793023000e-07
2430.0 2.796390000e-07
2431.0 2.799767000e-07
2432.0 2.803154000e-07
2433.0 2.806551000e-07
2434.0 2.809958000e-07
2435.0 2.813375000e-07
2436.0 2.816802000e-07
2437.0 2.820238000e-07
2438.0 2.823685000e-07
2439.0 2.827140000e-07
2440.0 2.830606000e-07
2441.0 2.834081000e-07
2442.0 2.837565000e-07
2443.0 2.841058000e-07
2444.0 2.844560000e-07
2445.0 2.848071000e-07
2446.0 2.851591000e-07
2447.0 2.855120000e-07
2448.0 2.858657000e-07
2449.0 2.862203000e-07
2450.0 2.865756000e-07
2451.0 2.869318000e-07
2452.0 2.872888000e-07
2453.0 2.876465000e-07
2454.0 2.880049000e-07
2455.0 2.883642000e-07
2456.0 2.887241000e-07
2457.0 2.890847000e-07
2458.0 2.894460000e-07
2459.0 2.898079000e-07
2460.0 2.901705000e-07
2461.0 2.905337000e-07
2462.0 2.908975000e-07
2463.0 2.912618000e-07
2464.0 2.916267000e-07
2465.0 2.919921000e-07
2466.0 2.923580000e-07
2467.0 2.927244000e-07
2468.0 2.930912000e-07
2469.0 2.934584000e-07
2470.0 2.938261000e-07
2471.0 2.941941000e-07
2472.0 2.945624000e-07
2473.0 2.949311000e-07
2474.0 2.953000000e-07
2475.0 2.956693000e-07
2476.0 2.960387000e-07
2477.0 2.964083000e-07
2478.0 2.967781000e-07
2479.0 2.971481000e-07
2480.0 2.975181000e-07
2481.0 2.978883000e-07
2482.0 2.982585000e-07
2483.0 2.986287000e-07
2484.0 2.989989000e-07
2485.0 2.993691000e-07
2486.0 2.997392000e-07
2487.0 3.001091000e-07
2488.0 3.004790000e-07
2489.0 3.008486000e-07
2490.0 3.012181000e-07
2491.0 3.015873000e-07
2492.0 3.019563000e-07
2493.0 3.023249000e-07
2494.0 3.026932000e-07
2495.0 3.030612000e-07
2496.0 3.034287000e-07
2497.0 3.037958000e-07
2498.0 3.041624000e-07
2499.0 3.045285000e-07
2500.0 3.048940000e-07
2501.0 3.052590000e-07
2502.0 3.056234000e-07
2503.0 3.059871000e-07
2504.0 3.063501000e-07
2505.0 3.067125000e-07
2506.0 3.070740000e-07
2507.0 3.074348000e-07
2508.0 3.077948000e-07
2509.0 3.081539000e-07
2510.0 3.085121000e-07
2511.0 3.088694000e-07
2512.0 3.092257000e-07
2513.0 3.095811000e-07
2514.0 3.099354000e-07
2515.0 3.102887000e-07
2516.0 3.106409000e-07
2517.0 3.109920000e-07
2518.0 3.113419000e-07
2519.0 3.116907000e-07
2520.0 3.120382000e-07
2521.0 3.123845000e-07
2522.0 3.127295000e-07
2523.0 3.130732000e-07
2524.0 3.134155000e-07
2525.0 3.137565000e-07
2526.0 3.140961000e-07
2527.0 3.144342000e-07
2528.0 3.147709000e-07
2529.0 3.151061000e-07
2530.0 3.154399000e-07
2531.0 3.157720000e-07
2532.0 3.161026000e-07
2533.0 3.164317000e-07
2534.0 3.167591000e-07
2535.0 3.170849000e-07
2536.0 3.174090000e-07
2537.0 3.177314000e-07
2538.0 3.180521000e-07
2539.0 3.183711000e-07
2540.0 3.186883000e-07
2541.0 3.190038000e-07
2542.0 3.193174000e-07
2543.0 3.196293000e-07
2544.0 3.199393000e-07
2545.0 3.202475000e-07
2546.0 3.205538000e-07
2547.0 3.208582000e-07
2548.0 3.211607000e-07
2549.0 3.214613000e-07
2550.0 3.217600000e-07
2551.0 3.220567000e-07
2552.0 3.223515000e-07
2553.0 3.226443000e-07
2554.0 3.229351000e-07
2555.0 3.232240000e-07
2556.0 3.235108000e-07
2557.0 3.237957000e-07
2558.0 3.240785000e-07
2559.0 3.243594000e-07
2560.0 3.246382000e-07
2561.0 3.249149000e-07
2562.0 3.251897000e-07
2563.0 3.254624000e-07
2564.0 3.257331000e-07
2565.0 3.260018000e-07
2566.0 3.262684000e-07
2567.0 3.265330000e-07
2568.0 3.267955000e-07
2569.0 3.270560000e-07
2570.0 3.273145000e-07
2571.0 3.275710000e-07
2572.0 3.278255000e-07
2573.0 3.280780000e-07
2574.0 3.283285000e-07
2575.0 3.285770000e-07
2576.0 3.288235000e-07
2577.0 3.290680000e-07
2578.0 3.293106000e-07
2579.0 3.295513000e-07
2580.0 3.297900000e-07
2581.0 3.300268000e-07
2582.0 3.302617000e-07
2583.0 3.304948000e-07
2584.0 3.307260000e-07
2585.0 3.309553000e-07
2586.0 3.311829000e-07
2587.0 3.314086000e-07
2588.0 3.316325000e-07
2589.0 3.318547000e-07
2590.0 3.320752000e-07
2591.0 3.322940000e-07
2592.0 3.325110000e-07
2593.0 3.327265000e-07
2594.0 3.329403000e-07
2595.0 3.331525000e-07
2596.0 3.333631000e-07
2597.0 3.335722000e-07
2598.0 3.337797000e-07
2599.0 3.339858000e-07
2600.0 3.341905000e-07
2601.0 3.343937000e-07
2602.0 3.345956000e-07
2603.0 3.347961000e-07
2604.0 3.349953000e-07
2605.0 3.351932000e-07
2606.0 3.353899000e-07
2607.0 3.355854000e-07
2608.0 3.357798000e-07
2609.0 3.359730000e-07
2610.0 3.361651000e-07
2611.0 3.363562000e-07
2612.0 3.365463000e-07
2613.0 3.367355000e-07
2614.0 3.369237000e-07
2615.0 3.371111000e-07
2616.0 3.372976000e-07
2617.0 3.374834000e-07
2618.0 3.376684000e-07
2619.0 3.378527000e-07
2620.0 3.380363000e-07
2621.0 3.382194000e-07
2622.0 3.384019000e-07
2623.0 3.385838000e-07
2624.0 3.387653000e-07
2625.0 3.389464000e-07
2626.0 3.391271000e-07
2627.0 3.393075000e-07
2628.0 3.394876000e-07
2629.0 3.396675000e-07
2630.0 3.398472000e-07
2631.0 3.400268000e-07
2632.0 3.402062000e-07
2633.0 3.403857000e-07
2634.0 3.405651000e-07
2635.0 3.407447000e-07
2636.0 3.409243000e-07
2637.0 3.411041000e-07
2638.0 3.412842000e-07
2639.0 3.414645000e-07
2640.0 3.416451000e-07
2641.0 3.418260000e-07
2642.0 3.420074000e-07
2643.0 3.421893000e-07
2644.0 3.423717000e-07
2645.0 3.425546000e-07
2646.0 3.427381000e-07
2647.0 3.429223000e-07
2648.0 3.431073000e-07
2649.0 3.432930000e-07
2650.0 3.434795000e-07
2651.0 3.436668000e-07
2652.0 3.438551000e-07
2653.0 3.440443000e-07
2654.0 3.442345000e-07
2655.0 3.444258000e-07
2656.0 3.446182000e-07
2657.0 3.448118000e-07
2658.0 3.450065000e-07
2659.0 3.452025000e-07
2660.0 3.453997000e-07
2661.0 3.455984000e-07
2662.0 3.457983000e-07
2663.0 3.459998000e-07
2664.0 3.462027000e-07
2665.0 3.464071000e-07
2666.0 3.466131000e-07
2667.0 3.468206000e-07
2668.0 3.470299000e-07
2669.0 3.472408000e-07
2670.0 3.474535000e-07
2671.0 3.476679000e-07
2672.0 3.478841000e-07
2673.0 3.481023000e-07
2674.0 3.483223000e-07
2675.0 3.485442000e-07
2676.0 3.487681000e-07
2677.0 3.489940000e-07
2678.0 3.492220000e-07
2679.0 3.494521000e-07
2680.0 3.496842000e-07
2681.0 3.499186000e-07
2682.0 3.501551000e-07
2683.0 3.503939000e-07
2684.0 3.506349000e-07
2685.0 3.508782000e-07
2686.0 3.511238000e-07
2687.0 3.513718000e-07
2688.0 3.516222000e-07
2689.0 3.518751000e-07
2690.0 3.521303000e-07
2691.0 3.523881000e-07
2692.0 3.526483000e-07
2693.0 3.529111000e-07
2694.0 3.531765000e-07
2695.0 3.534444000e-07
2696.0 3.537149000e-07
2697.0 3.539881000e-07
2698.0 3.542639000e-07
2699.0 3.545423000e-07
2700.0 3.548235000e-07
2701.0 3.551073000e-07
2702.0 3.553939000e-07
2703.0 3.556832000e-07
2704.0 3.559753000e-07
2705.0 3.562702000e-07
2706.0 3.565678000e-07
2707.0 3.568682000e-07
2708.0 3.571715000e-07
2709.0 3.574775000e-07
2710.0 3.577864000e-07
2711.0 3.580981000e-07
2712.0 3.584127000e-07
2713.0 3.587301000e-07
2714.0 3.590503000e-07
2715.0 3.593734000e-07
2716.0 3.596994000e-07
2717.0 3.600282000e-07
2718.0 3.603599000e-07
2719.0 3.606945000e-07
2720.0 3.610319000e-07
2721.0 3.613722000e-07
2722.0 3.617153000e-07
2723.0 3.620613000e-07
2724.0 3.624101000e-07
2725.0 3.627617000e-07
2726.0 3.631162000e-07
2727.0 3.634735000e-07
2728.0 3.638336000e-07
2729.0 3.641965000e-07
2730.0 3.645622000e-07
2731.0 3.649306000e-07
2732.0 3.653018000e-07
2733.0 3.656758000e-07
2734.0 3.660525000e-07
2735.0 3.664318000e-07
2736.0 3.668139000e-07
2737.0 3.671986000e-07
2738.0 3.675859000e-07
2739.0 3.679758000e-07
2740.0 3.683683000e-07
2741.0 3.687634000e-07
2742.0 3.691610000e-07
2743.0 3.695611000e-07
2744.0 3.699637000e-07
2745.0 3.703687000e-07
2746.0 3.707761000e-07
2747.0 3.711859000e-07
2748.0 3.715980000e-07
2749.0 3.720125000e-07
2750.0 3.724292000e-07
2751.0 3.728481000e-07
2752.0 3.732692000e-07
2753.0 3.736924000e-07
2754.0 3.741178000e-07
2755.0 3.745452000e-07
2756.0 3.749746000e-07
2757.0 3.754059000e-07
2758.0 3.758392000e-07
2759.0 3.762744000e-07
2760.0 3.767114000e-07
2761.0 3.771501000e-07
2762.0 3.775906000e-07
2763.0 3.780327000e-07
2764.0 3.784764000e-07
2765.0 3.789217000e-07
2766.0 3.793684000e-07
2767.0 3.798166000e-07
2768.0 3.802662000e-07
2769.0 3.807171000e-07
2770.0 3.811693000e-07
2771.0 3.816226000e-07
2772.0 3.820771000e-07
2773.0 3.825326000e-07
2774.0 3.829892000e-07
2775.0 3.834466000e-07
2776.0 3.839049000e-07
2777.0 3.843641000e-07
2778.0 3.848239000e-07
2779.0 3.852844000e-07
2780.0 3.857454000e-07
2781.0 3.862070000e-07
2782.0 3.866690000e-07
2783.0 3.871313000e-07
2784.0 3.875939000e-07
2785.0 3.880568000e-07
2786.0 3.885197000e-07
2787.0 3.889827000e-07
2788.0 3.894457000e-07
2789.0 3.899085000e-07
2790.0 3.903712000e-07
2791.0 3.908336000e-07
2792.0 3.912956000e-07
2793.0 3.917572000e-07
2794.0 3.922182000e-07
2795.0 3.926787000e-07
2796.0 3.931384000e-07
2797.0 3.935973000e-07
2798.0 3.940554000e-07
2799.0 3.945125000e-07
2800.0 3.949686000e-07
2801.0 3.954235000e-07
2802.0 3.958772000e-07
2803.0 3.963296000e-07
2804.0 3.967806000e-07
2805.0 3.972301000e-07
2806.0 3.976780000e-07
2807.0 3.981243000e-07
2808.0 3.985688000e-07
2809.0 3.990114000e-07
2810.0 3.994521000e-07
2811.0 3.998908000e-07
2812.0 4.003274000e-07
2813.0 4.007617000e-07
2814.0 4.011938000e-07
2815.0 4.016235000e-07
2816.0 4.020507000e-07
2817.0 4.024753000e-07
2818.0 4.028973000e-07
2819.0 4.033165000e-07
2820.0 4.037329000e-07
2821.0 4.041464000e-07
2822.0 4.045568000e-07
2823.0 4.049642000e-07
2824.0 4.053683000e-07
2825.0 4.057692000e-07
2826.0 4.061668000e-07
2827.0 4.065608000e-07
2828.0 4.069514000e-07
2829.0 4.073383000e-07
2830.0 4.077215000e-07
2831.0 4.081010000e-07
2832.0 4.084765000e-07
2833.0 4.088481000e-07
2834.0 4.092157000e-07
2835.0 4.095791000e-07
2836.0 4.099384000e-07
2837.0 4.102933000e-07
2838.0 4.106439000e-07
2839.0 4.109901000e-07
2840.0 4.113318000e-07
2841.0 4.116689000e-07
2842.0 4.120013000e-07
2843.0 4.123290000e-07
2844.0 4.126519000e-07
2845.0 4.129700000e-07
2846.0 4.132832000e-07
2847.0 4.135913000e-07
2848.0 4.138944000e-07
2849.0 4.141924000e-07
2850.0 4.144852000e-07
2851.0 4.147727000e-07
2852.0 4.150550000e-07
2853.0 4.153319000e-07
2854.0 4.156033000e-07
2855.0 4.158694000e-07
2856.0 4.161298000e-07
2857.0 4.163847000e-07
2858.0 4.166340000e-07
2859.0 4.168776000e-07
2860.0 4.171154000e-07
2861.0 4.173475000e-07
2862.0 4.175738000e-07
2863.0 4.177942000e-07
2864.0 4.180087000e-07
2865.0 4.182173000e-07
2866.0 4.184199000e-07
2867.0 4.186165000e-07
2868.0 4.188071000e-07
2869.0 4.189915000e-07
2870.0 4.191699000e-07
2871.0 4.193422000e-07
2872.0 4.195083000e-07
2873.0 4.196682000e-07
2874.0 4.198219000e-07
2875.0 4.199694000e-07
2876.0 4.201106000e-07
2877.0 4.202456000e-07
2878.0 4.203743000e-07
2879.0 4.204967000e-07
2880.0 4.206129000e-07
2881.0 4.207227000e-07
2882.0 4.208262000e-07
2883.0 4.209234000e-07
2884.0 4.210143000e-07
2885.0 4.210989000e-07
2886.0 4.211771000e-07
2887.0 4.212490000e-07
2888.0 4.213146000e-07
2889.0 4.213738000e-07
2890.0 4.214268000e-07
2891.0 4.214735000e-07
2892.0 4.215138000e-07
2893.0 4.215479000e-07
2894.0 4.215758000e-07
2895.0 4.215974000e-07
2896.0 4.216127000e-07
2897.0 4.216219000e-07
2898.0 4.216248000e-07
2899.0 4.216216000e-07
2900.0 4.216122000e-07
2901.0 4.215967000e-07
2902.0 4.215751000e-07
2903.0 4.215475000e-07
2904.0 4.215138000e-07
2905.0 4.214741000e-07
2906.0 4.214284000e-07
2907.0 4.213768000e-07
2908.0 4.213192000e-07
2909.0 4.212558000e-07
2910.0 4.211866000e-07
2911.0 4.211115000e-07
2912.0 4.210307000e-07
2913.0 4.209442000e-07
2914.0 4.208521000e-07
2915.0 4.207543000e-07
2916.0 4.206509000e-07
2917.0 4.205420000e-07
2918.0 4.204275000e-07
2919.0 4.203077000e-07
2920.0 4.201824000e-07
2921.0 4.200518000e-07
2922.0 4.199159000e-07
2923.0 4.197748000e-07
2924.0 4.196284000e-07
2925.0 4.194770000e-07
2926.0 4.193204000e-07
2927.0 4.191589000e-07
2928.0 4.189923000e-07
2929.0 4.188209000e-07
2930.0 4.186445000e-07
2931.0 4.184634000e-07
2932.0 4.182776000e-07
2933.0 4.180871000e-07
2934.0 4.178919000e-07
2935.0 4.176922000e-07
2936.0 4.174880000e-07
2937.0 4.172794000e-07
2938.0 4.170664000e-07
2939.0 4.168491000e-07
2940.0 4.166275000e-07
2941.0 4.164018000e-07
2942.0 4.161719000e-07
2943.0 4.159380000e-07
2944.0 4.157001000e-07
2945.0 4.154583000e-07
2946.0 4.152127000e-07
2947.0 4.149632000e-07
2948.0 4.147100000e-07
2949.0 4.144532000e-07
2950.0 4.141928000e-07
2951.0 4.139288000e-07
2952.0 4.136614000e-07
2953.0 4.133906000e-07
2954.0 4.131165000e-07
2955.0 4.128392000e-07
2956.0 4.125586000e-07
2957.0 4.122750000e-07
2958.0 4.119882000e-07
2959.0 4.116986000e-07
2960.0 4.114060000e-07
2961.0 4.111106000e-07
2962.0 4.108035000e-07
2963.0 4.104940000e-07
2964.0 4.101781000e-07
2965.0 4.098601000e-07
2966.0 4.095372000e-07
2967.0 4.092125000e-07
2968.0 4.088838000e-07
2969.0 4.085535000e-07
2970.0 4.082199000e-07
2971.0 4.078847000e-07
2972.0 4.075469000e-07
2973.0 4.072077000e-07
2974.0 4.068663000e-07
2975.0 4.065237000e-07
2976.0 4.061792000e-07
2977.0 4.058337000e-07
2978.0 4.054866000e-07
2979.0 4.051387000e-07
2980.0 4.047895000e-07
2981.0 4.044397000e-07
2982.0 4.040889000e-07
2983.0 4.037375000e-07
2984.0 4.033854000e-07
2985.0 4.030330000e-07
2986.0 4.026800000e-07
2987.0 4.023268000e-07
2988.0 4.019734000e-07
2989.0 4.016199000e-07
2990.0 4.012662000e-07
2991.0 4.009127000e-07
2992.0 4.005593000e-07
2993.0 4.002061000e-07
2994.0 3.998532000e-07
2995.0 3.995007000e-07
2996.0 3.991486000e-07
2997.0 3.987971000e-07
2998.0 3.984462000e-07
2999.0 3.980959000e-07
3000.0 3.977464000e-07
3001.0 3.973978000e-07
3002.0 3.970501000e-07
3003.0 3.967033000e-07
3004.0 3.963576000e-07
3005.0 3.960130000e-07
3006.0 3.956696000e-07
3007.0 3.953275000e-07
3008.0 3.949867000e-07
3009.0 3.946474000e-07
3010.0 3.943094000e-07
3011.0 3.939731000e-07
3012.0 3.936383000e-07
3013.0 3.933053000e-07
3014.0 3.929739000e-07
3015.0 3.926445000e-07
3016.0 3.923168000e-07
3017.0 3.919912000e-07
3018.0 3.916676000e-07
3019.0 3.913462000e-07
3020.0 3.910267000e-07
3021.0 3.907098000e-07
3022.0 3.903950000e-07
3023.0 3.900828000e-07
3024.0 3.897728000e-07
3025.0 3.894657000e-07
3026.0 3.891609000e-07
3027.0 3.888592000e-07
3028.0 3.885600000e-07
3029.0 3.882641000e-07
3030.0 3.879707000e-07
3031.0 3.876810000e-07
3032.0 3.873940000e-07
3033.0 3.871110000e-07
3034.0 3.868307000e-07
3035.0 3.865551000e-07
3036.0 3.862822000e-07
3037.0 3.860146000e-07
3038.0 3.857499000e-07
3039.0 3.854917000e-07
3040.0 3.852366000e-07
3041.0 3.849921000e-07
3042.0 3.847510000e-07
3043.0 3.845133000e-07
3044.0 3.842789000e-07
3045.0 3.840480000e-07
3046.0 3.838205000e-07
3047.0 3.835964000e-07
3048.0 3.833759000e-07
3049.0 3.831588000e-07
3050.0 3.829453000e-07
3051.0 3.827353000e-07
3052.0 3.825289000e-07
3053.0 3.823261000e-07
3054.0 3.821269000e-07
3055.0 3.819314000e-07
3056.0 3.817395000e-07
3057.0 3.815512000e-07
3058.0 3.813667000e-07
3059.0 3.811858000e-07
3060.0 3.810087000e-07
3061.0 3.808353000e-07
3062.0 3.806657000e-07
3063.0 3.804999000e-07
3064.0 3.803379000e-07
3065.0 3.801796000e-07
3066.0 3.800253000e-07
3067.0 3.798747000e-07
3068.0 3.797280000e-07
3069.0 3.795852000e-07
3070.0 3.794463000e-07
3071.0 3.793113000e-07
3072.0 3.791802000e-07
3073.0 3.790531000e-07
3074.0 3.789299000e-07
3075.0 3.788106000e-07
3076.0 3.786953000e-07
3077.0 3.785841000e-07
3078.0 3.784768000e-07
3079.0 3.783735000e-07
3080.0 3.782743000e-07
3081.0 3.781790000e-07
3082.0 3.780879000e-07
3083.0 3.780008000e-07
3084.0 3.779177000e-07
3085.0 3.778388000e-07
3086.0 3.777639000e-07
3087.0 3.776931000e-07
3088.0 3.776265000e-07
3089.0 3.775639000e-07
3090.0 3.775055000e-07
3091.0 3.774512000e-07
3092.0 3.774011000e-07
3093.0 3.773551000e-07
3094.0 3.773132000e-07
3095.0 3.772755000e-07
3096.0 3.772420000e-07
3097.0 3.772126000e-07
3098.0 3.771875000e-07
3099.0 3.771665000e-07
3100.0 3.771497000e-07
3101.0 3.771371000e-07
3102.0 3.771287000e-07
3103.0 3.771245000e-07
3104.0 3.771245000e-07
3105.0 3.771287000e-07
3106.0 3.771371000e-07
3107.0 3.771497000e-07
3108.0 3.771665000e-07
3109.0 3.771876000e-07
3110.0 3.772129000e-07
3111.0 3.772423000e-07
3112.0 3.772760000e-07
3113.0 3.773139000e-07
3114.0 3.773560000e-07
3115.0 3.774023000e-07
3116.0 3.774529000e-07
3117.0 3.775076000e-07
3118.0 3.775665000e-07
3119.0 3.776297000e-07
3120.0 3.776970000e-07
3121.0 3.777685000e-07
3122.0 3.778442000e-07
3123.0 3.779240000e-07
3124.0 3.780081000e-07
3125.0 3.780963000e-07
3126.0 3.781886000e-07
3127.0 3.782852000e-07
3128.0 3.783858000e-07
3129.0 3.784906000e-07
3130.0 3.785995000e-07
3131.0 3.787125000e-07
3132.0 3.788296000e-07
3133.0 3.789508000e-07
3134.0 3.790761000e-07
3135.0 3.792054000e-07
3136.0 3.793388000e-07
3137.0 3.794762000e-07
3138.0 3.796177000e-07
3139.0 3.797631000e-07
3140.0 3.799126000e-07
3141.0 3.800660000e-07
3142.0 3.802234000e-07
3143.0 3.803848000e-07
3144.0 3.805500000e-07
3145.0 3.807192000e-07
3146.0 3.808923000e-07
3147.0 3.810692000e-07
3148.0 3.812500000e-07
3149.0 3.814346000e-07
3150.0 3.816231000e-07
3151.0 3.818153000e-07
3152.0 3.820113000e-07
3153.0 3.822110000e-07
3154.0 3.824144000e-07
3155.0 3.826216000e-07
3156.0 3.828324000e-07
3157.0 3.830469000e-07
3158.0 3.832649000e-07
3159.0 3.834866000e-07
3160.0 3.837119000e-07
3161.0 3.839407000e-07
3162.0 3.841730000e-07
3163.0 3.844088000e-07
3164.0 3.846480000e-07
3165.0 3.848907000e-07
3166.0 3.851368000e-07
3167.0 3.853863000e-07
3168.0 3.856391000e-07
3169.0 3.858952000e-07
3170.0 3.861546000e-07
3171.0 3.864172000e-07
3172.0 3.866830000e-07
3173.0 3.869520000e-07
3174.0 3.872241000e-07
3175.0 3.874993000e-07
3176.0 3.877776000e-07
3177.0 3.880589000e-07
3178.0 3.883432000e-07
3179.0 3.886304000e-07
3180.0 3.889206000e-07
3181.0 3.892136000e-07
3182.0 3.895094000e-07
3183.0 3.898081000e-07
3184.0 3.901095000e-07
3185.0 3.904136000e-07
3186.0 3.907203000e-07
3187.0 3.910297000e-07
3188.0 3.913417000e-07
3189.0 3.916563000e-07
3190.0 3.919733000e-07
3191.0 3.922928000e-07
3192.0 3.926147000e-07
3193.0 3.929390000e-07
3194.0 3.932656000e-07
3195.0 3.935944000e-07
3196.0 3.939256000e-07
3197.0 3.942589000e-07
3198.0 3.945943000e-07
3199.0 3.949319000e-07
3200.0 3.952714000e-07
3201.0 3.956131000e-07
3202.0 3.959566000e-07
3203.0 3.963021000e-07
3204.0 3.966494000e-07
3205.0 3.969985000e-07
3206.0 3.973494000e-07
3207.0 3.977020000e-07
3208.0 3.980563000e-07
3209.0 3.984122000e-07
3210.0 3.987696000e-07
3211.0 3.991286000e-07
3212.0 3.994890000e-07
3213.0 3.998508000e-07
3214.0 4.002140000e-07
3215.0 4.005785000e-07
3216.0 4.009443000e-07
3217.0 4.013113000e-07
3218.0 4.016794000e-07
3219.0 4.020487000e-07
3220.0 4.024190000e-07
3221.0 4.027903000e-07
3222.0 4.031626000e-07
3223.0 4.035358000e-07
3224.0 4.039099000e-07
3225.0 4.042848000e-07
3226.0 4.046604000e-07
3227.0 4.050367000e-07
3228.0 4.054137000e-07
3229.0 4.057913000e-07
3230.0 4.061695000e-07
3231.0 4.065482000e-07
3232.0 4.069273000e-07
3233.0 4.073069000e-07
3234.0 4.076868000e-07
3235.0 4.080671000e-07
3236.0 4.084476000e-07
3237.0 4.088283000e-07
3238.0 4.092092000e-07
3239.0 4.095902000e-07
3240.0 4.099713000e-07
3241.0 4.103524000e-07
3242.0 4.107335000e-07
3243.0 4.111146000e-07
3244.0 4.114955000e-07
3245.0 4.118763000e-07
3246.0 4.122569000e-07
3247.0 4.126373000e-07
3248.0 4.130173000e-07
3249.0 4.133971000e-07
3250.0 4.137764000e-07
3251.0 4.141554000e-07
3252.0 4.145339000e-07
3253.0 4.149119000e-07
3254.0 4.152894000e-07
3255.0 4.156663000e-07
3256.0 4.160426000e-07
3257.0 4.164182000e-07
3258.0 4.167932000e-07
3259.0 4.171674000e-07
3260.0 4.175409000e-07
3261.0 4.179135000e-07
3262.0 4.182854000e-07
3263.0 4.186563000e-07
3264.0 4.190264000e-07
3265.0 4.193955000e-07
3266.0 4.197637000e-07
3267.0 4.201309000e-07
3268.0 4.204970000e-07
3269.0 4.208621000e-07
3270.0 4.212261000e-07
3271.0 4.215890000e-07
3272.0 4.219507000e-07
3273.0 4.223113000e-07
3274.0 4.226707000e-07
3275.0 4.230289000e-07
3276.0 4.233859000e-07
3277.0 4.237416000e-07
3278.0 4.240960000e-07
3279.0 4.244491000e-07
3280.0 4.248009000e-07
3281.0 4.251514000e-07
3282.0 4.255005000e-07
3283.0 4.258482000e-07
3284.0 4.261946000e-07
3285.0 4.265395000e-07
3286.0 4.268831000e-07
3287.0 4.272252000e-07
3288.0 4.275659000e-07
3289.0 4.279051000e-07
3290.0 4.282429000e-07
3291.0 4.285792000e-07
3292.0 4.289141000e-07
3293.0 4.292475000e-07
3294.0 4.295793000e-07
3295.0 4.299097000e-07
3296.0 4.302386000e-07
3297.0 4.305661000e-07
3298.0 4.308920000e-07
3299.0 4.312164000e-07
3300.0 4.315393000e-07
3301.0 4.318608000e-07
3302.0 4.321807000e-07
3303.0 4.324992000e-07
3304.0 4.328162000e-07
3305.0 4.331317000e-07
3306.0 4.334457000e-07
3307.0 4.337583000e-07
3308.0 4.340695000e-07
3309.0 4.343792000e-07
3310.0 4.346874000e-07
3311.0 4.349943000e-07
3312.0 4.352997000e-07
3313.0 4.356038000e-07
3314.0 4.359065000e-07
3315.0 4.362078000e-07
3316.0 4.365078000e-07
3317.0 4.368065000e-07
3318.0 4.371038000e-07
3319.0 4.373999000e-07
3320.0 4.376947000e-07
3321.0 4.379883000e-07
3322.0 4.382807000e-07
3323.0 4.385719000e-07
3324.0 4.388619000e-07
3325.0 4.391508000e-07
3326.0 4.394386000e-07
3327.0 4.397252000e-07
3328.0 4.400109000e-07
3329.0 4.402954000e-07
3330.0 4.405790000e-07
3331.0 4.408616000e-07
3332.0 4.411432000e-07
3333.0 4.414240000e-07
3334.0 4.417038000e-07
3335.0 4.419828000e-07
3336.0 4.422609000e-07
3337.0 4.425383000e-07
3338.0 4.428149000e-07
3339.0 4.430908000e-07
3340.0 4.433660000e-07
3341.0 4.436406000e-07
3342.0 4.439145000e-07
3343.0 4.441879000e-07
3344.0 4.444607000e-07
3345.0 4.447330000e-07
3346.0 4.450048000e-07
3347.0 4.452762000e-07
3348.0 4.455472000e-07
3349.0 4.458179000e-07
3350.0 4.460882000e-07
3351.0 4.463583000e-07
3352.0 4.466281000e-07
3353.0 4.468978000e-07
3354.0 4.471673000e-07
3355.0 4.474367000e-07
3356.0 4.477060000e-07
3357.0 4.479752000e-07
3358.0 4.482445000e-07
3359.0 4.485139000e-07
3360.0 4.487833000e-07
3361.0 4.490529000e-07
3362.0 4.493226000e-07
3363.0 4.495926000e-07
3364.0 4.498628000e-07
3365.0 4.501333000e-07
3366.0 4.504042000e-07
3367.0 4.506755000e-07
3368.0 4.509472000e-07
3369.0 4.512193000e-07
3370.0 4.514920000e-07
3371.0 4.517653000e-07
3372.0 4.520391000e-07
3373.0 4.523136000e-07
3374.0 4.525888000e-07
3375.0 4.528648000e-07
3376.0 4.531415000e-07
3377.0 4.534190000e-07
3378.0 4.536974000e-07
3379.0 4.539766000e-07
3380.0 4.542568000e-07
3381.0 4.545380000e-07
3382.0 4.548203000e-07
3383.0 4.551036000e-07
3384.0 4.553880000e-07
3385.0 4.556735000e-07
3386.0 4.559602000e-07
3387.0 4.562482000e-07
3388.0 4.565374000e-07
3389.0 4.568280000e-07
3390.0 4.571198000e-07
3391.0 4.574131000e-07
3392.0 4.577078000e-07
3393.0 4.580039000e-07
3394.0 4.583016000e-07
3395.0 4.586008000e-07
3396.0 4.589015000e-07
3397.0 4.592039000e-07
3398.0 4.595079000e-07
3399.0 4.598137000e-07
3400.0 4.601211000e-07
3401.0 4.604303000e-07
3402.0 4.607412000e-07
3403.0 4.610540000e-07
3404.0 4.613686000e-07
3405.0 4.616852000e-07
3406.0 4.620036000e-07
3407.0 4.623240000e-07
3408.0 4.626464000e-07
3409.0 4.629708000e-07
3410.0 4.632973000e-07
3411.0 4.636258000e-07
3412.0 4.639564000e-07
3413.0 4.642892000e-07
3414.0 4.646241000e-07
3415.0 4.649612000e-07
3416.0 4.653005000e-07
3417.0 4.656420000e-07
3418.0 4.659858000e-07
3419.0 4.663319000e-07
3420.0 4.666803000e-07
3421.0 4.670311000e-07
3422.0 4.673842000e-07
3423.0 4.677397000e-07
3424.0 4.680976000e-07
3425.0 4.684579000e-07
3426.0 4.688206000e-07
3427.0 4.691858000e-07
3428.0 4.695535000e-07
3429.0 4.699237000e-07
3430.0 4.702964000e-07
3431.0 4.706717000e-07
3432.0 4.710495000e-07
3433.0 4.714298000e-07
3434.0 4.718128000e-07
3435.0 4.721983000e-07
3436.0 4.725865000e-07
3437.0 4.729772000e-07
3438.0 4.733706000e-07
3439.0 4.737667000e-07
3440.0 4.741654000e-07
3441.0 4.745668000e-07
3442.0 4.749708000e-07
3443.0 4.753775000e-07
3444.0 4.757869000e-07
3445.0 4.761990000e-07
3446.0 4.766139000e-07
3447.0 4.770314000e-07
3448.0 4.774516000e-07
3449.0 4.778746000e-07
3450.0 4.783003000e-07
3451.0 4.787287000e-07
3452.0 4.791598000e-07
3453.0 4.795937000e-07
3454.0 4.800303000e-07
3455.0 4.804697000e-07
3456.0 4.809118000e-07
3457.0 4.813566000e-07
3458.0 4.818042000e-07
3459.0 4.822545000e-07
3460.0 4.827075000e-07
3461.0 4.831632000e-07
3462.0 4.836217000e-07
3463.0 4.840829000e-07
3464.0 4.845468000e-07
3465.0 4.850134000e-07
3466.0 4.854827000e-07
3467.0 4.859547000e-07
3468.0 4.864294000e-07
3469.0 4.869068000e-07
3470.0 4.873868000e-07
3471.0 4.878695000e-07
3472.0 4.883549000e-07
3473.0 4.888429000e-07
3474.0 4.893335000e-07
3475.0 4.898267000e-07
3476.0 4.903226000e-07
3477.0 4.908210000e-07
3478.0 4.913221000e-07
3479.0 4.918257000e-07
3480.0 4.923318000e-07
3481.0 4.928405000e-07
3482.0 4.933517000e-07
3483.0 4.938655000e-07
3484.0 4.943817000e-07
3485.0 4.949004000e-07
3486.0 4.954216000e-07
3487.0 4.959452000e-07
3488.0 4.964712000e-07
3489.0 4.969996000e-07
3490.0 4.975305000e-07
3491.0 4.980637000e-07
3492.0 4.985992000e-07
3493.0 4.991371000e-07
3494.0 4.996773000e-07
3495.0 5.002197000e-07
3496.0 5.007645000e-07
3497.0 5.013115000e-07
3498.0 5.018607000e-07
3499.0 5.024121000e-07
3500.0 5.029657000e-07
3501.0 5.035214000e-07
3502.0 5.040793000e-07
3503.0 5.046393000e-07
3504.0 5.052014000e-07
3505.0 5.057655000e-07
3506.0 5.063317000e-07
3507.0 5.068999000e-07
3508.0 5.074701000e-07
3509.0 5.080423000e-07
3510.0 5.086164000e-07
3511.0 5.091925000e-07
3512.0 5.097704000e-07
3513.0 5.103502000e-07
3514.0 5.109319000e-07
3515.0 5.115154000e-07
3516.0 5.121007000e-07
3517.0 5.126877000e-07
3518.0 5.132765000e-07
3519.0 5.138671000e-07
3520.0 5.144593000e-07
3521.0 5.150532000e-07
3522.0 5.156487000e-07
3523.0 5.162459000e-07
3524.0 5.168447000e-07
3525.0 5.174450000e-07
3526.0 5.180469000e-07
3527.0 5.186503000e-07
3528.0 5.192553000e-07
3529.0 5.198617000e-07
3530.0 5.204695000e-07
3531.0 5.210788000e-07
3532.0 5.216895000e-07
3533.0 5.223016000e-07
3534.0 5.229150000e-07
3535.0 5.235298000e-07
3536.0 5.241459000e-07
3537.0 5.247633000e-07
3538.0 5.253819000e-07
3539.0 5.260018000e-07
3540.0 5.266229000e-07
3541.0 5.272453000e-07
3542.0 5.278688000e-07
3543.0 5.284934000e-07
3544.0 5.291193000e-07
3545.0 5.297462000e-07
3546.0 5.303742000e-07
3547.0 5.310034000e-07
3548.0 5.316336000e-07
3549.0 5.322648000e-07
3550.0 5.328971000e-07
3551.0 5.335304000e-07
3552.0 5.341647000e-07
3553.0 5.348000000e-07
3554.0 5.354362000e-07
3555.0 5.360734000e-07
3556.0 5.367115000e-07
3557.0 5.373506000e-07
3558.0 5.379905000e-07
3559.0 5.386314000e-07
3560.0 5.392731000e-07
3561.0 5.399157000e-07
3562.0 5.405591000e-07
3563.0 5.412035000e-07
3564.0 5.418486000e-07
3565.0 5.424946000e-07
3566.0 5.431414000e-07
3567.0 5.437890000e-07
3568.0 5.444374000e-07
3569.0 5.450867000e-07
3570.0 5.457367000e-07
3571.0 5.463875000e-07
3572.0 5.470391000e-07
3573.0 5.476915000e-07
3574.0 5.483446000e-07
3575.0 5.489986000e-07
3576.0 5.496532000e-07
3577.0 5.503087000e-07
3578.0 5.509650000e-07
3579.0 5.516220000e-07
3580.0 5.522798000e-07
3581.0 5.529384000e-07
3582.0 5.535977000e-07
3583.0 5.542579000e-07
3584.0 5.549188000e-07
3585.0 5.555806000e-07
3586.0 5.562431000e-07
3587.0 5.569064000e-07
3588.0 5.575706000e-07
3589.0 5.582355000e-07
3590.0 5.589013000e-07
3591.0 5.595680000e-07
3592.0 5.602354000e-07
3593.0 5.609038000e-07
3594.0 5.615730000e-07
3595.0 5.622431000e-07
3596.0 5.629141000e-07
3597.0 5.635860000e-07
3598.0 5.642589000e-07
3599.0 5.649327000e-07
3600.0 5.656074000e-07
3601.0 5.662831000e-07
3602.0 5.669599000e-07
3603.0 5.676376000e-07
3604.0 5.683164000e-07
3605.0 5.689962000e-07
3606.0 5.696771000e-07
3607.0 5.703591000e-07
3608.0 5.710422000e-07
3609.0 5.717265000e-07
3610.0 5.724119000e-07
3611.0 5.730985000e-07
3612.0 5.737864000e-07
3613.0 5.744754000e-07
3614.0 5.751658000e-07
3615.0 5.758574000e-07
3616.0 5.765504000e-07
3617.0 5.772447000e-07
3618.0 5.779404000e-07
3619.0 5.786376000e-07
3620.0 5.793361000e-07
3621.0 5.800362000e-07
3622.0 5.807377000e-07
3623.0 5.814408000e-07
3624.0 5.821455000e-07
3625.0 5.828517000e-07
3626.0 5.835596000e-07
3627.0 5.842692000e-07
3628.0 5.849805000e-07
3629.0 5.856935000e-07
3630.0 5.864084000e-07
3631.0 5.871250000e-07
3632.0 5.878435000e-07
3633.0 5.885639000e-07
3634.0 5.892862000e-07
3635.0 5.900105000e-07
3636.0 5.907368000e-07
3637.0 5.914652000e-07
3638.0 5.921956000e-07
3639.0 5.929282000e-07
3640.0 5.936629000e-07
3641.0 5.943999000e-07
3642.0 5.951391000e-07
3643.0 5.958806000e-07
3644.0 5.966245000e-07
3645.0 5.973707000e-07
3646.0 5.981194000e-07
3647.0 5.988705000e-07
3648.0 5.996241000e-07
3649.0 6.003803000e-07
3650.0 6.011391000e-07
3651.0 6.019005000e-07
3652.0 6.026646000e-07
3653.0 6.034314000e-07
3654.0 6.042010000e-07
3655.0 6.049734000e-07
3656.0 6.057487000e-07
3657.0 6.065269000e-07
3658.0 6.073080000e-07
3659.0 6.080921000e-07
3660.0 6.088792000e-07
3661.0 6.096694000e-07
3662.0 6.104628000e-07
3663.0 6.112593000e-07
3664.0 6.120590000e-07
3665.0 6.128620000e-07
3666.0 6.136682000e-07
3667.0 6.144779000e-07
3668.0 6.152909000e-07
3669.0 6.161073000e-07
3670.0 6.169272000e-07
3671.0 6.177507000e-07
3672.0 6.185777000e-07
3673.0 6.194083000e-07
3674.0 6.202425000e-07
3675.0 6.210805000e-07
3676.0 6.219222000e-07
3677.0 6.227676000e-07
3678.0 6.236169000e-07
3679.0 6.244701000e-07
3680.0 6.253272000e-07
3681.0 6.261882000e-07
3682.0 6.270532000e-07
3683.0 6.279223000e-07
3684.0 6.287954000e-07
3685.0 6.296726000e-07
3686.0 6.305540000e-07
3687.0 6.314395000e-07
3688.0 6.323293000e-07
3689.0 6.332234000e-07
3690.0 6.341217000e-07
3691.0 6.350245000e-07
3692.0 6.359315000e-07
3693.0 6.368430000e-07
3694.0 6.377590000e-07
3695.0 6.386794000e-07
3696.0 6.396044000e-07
3697.0 6.405339000e-07
3698.0 6.414680000e-07
3699.0 6.424067000e-07
3700.0 6.433501000e-07
3701.0 6.442982000e-07
3702.0 6.452510000e-07
3703.0 6.462085000e-07
3704.0 6.471708000e-07
3705.0 6.481380000e-07
3706.0 6.491099000e-07
3707.0 6.500868000e-07
3708.0 6.510685000e-07
3709.0 6.520551000e-07
3710.0 6.530467000e-07
3711.0 6.540432000e-07
3712.0 6.550448000e-07
3713.0 6.560514000e-07
3714.0 6.570630000e-07
3715.0 6.580796000e-07
3716.0 6.591014000e-07
3717.0 6.601283000e-07
3718.0 6.611602000e-07
3719.0 6.621973000e-07
3720.0 6.632396000e-07
3721.0 6.642871000e-07
3722.0 6.653397000e-07
3723.0 6.663976000e-07
3724.0 6.674607000e-07
3725.0 6.685290000e-07
3726.0 6.696025000e-07
3727.0 6.706814000e-07
3728.0 6.717655000e-07
3729.0 6.728548000e-07
3730.0 6.739495000e-07
3731.0 6.750494000e-07
3732.0 6.761547000e-07
3733.0 6.772652000e-07
3734.0 6.783811000e-07
3735.0 6.795023000e-07
3736.0 6.806288000e-07
3737.0 6.817607000e-07
3738.0 6.828978000e-07
3739.0 6.840403000e-07
3740.0 6.851881000e-07
3741.0 6.863412000e-07
3742.0 6.874996000e-07
3743.0 6.886634000e-07
3744.0 6.898324000e-07
3745.0 6.910068000e-07
3746.0 6.921864000e-07
3747.0 6.933714000e-07
3748.0 6.945616000e-07
3749.0 6.957570000e-07
3750.0 6.969577000e-07
3751.0 6.981637000e-07
3752.0 6.993749000e-07
3753.0 7.005913000e-07
3754.0 7.018129000e-07
3755.0 7.030396000e-07
3756.0 7.042716000e-07
3757.0 7.055086000e-07
3758.0 7.067508000e-07
3759.0 7.079981000e-07
3760.0 7.092505000e-07
3761.0 7.105079000e-07
3762.0 7.117704000e-07
3763.0 7.130379000e-07
3764.0 7.143103000e-07
3765.0 7.155878000e-07
3766.0 7.168701000e-07
3767.0 7.181573000e-07
3768.0 7.194494000e-07
3769.0 7.207463000e-07
3770.0 7.220480000e-07
3771.0 7.233545000e-07
3772.0 7.246657000e-07
3773.0 7.259816000e-07
3774.0 7.273021000e-07
3775.0 7.286273000e-07
3776.0 7.299570000e-07
3777.0 7.312913000e-07
3778.0 7.326300000e-07
3779.0 7.339732000e-07
3780.0 7.353208000e-07
3781.0 7.366728000e-07
3782.0 7.380291000e-07
3783.0 7.393897000e-07
3784.0 7.407544000e-07
3785.0 7.421234000e-07
3786.0 7.434965000e-07
3787.0 7.448736000e-07
3788.0 7.462548000e-07
3789.0 7.476399000e-07
3790.0 7.490290000e-07
3791.0 7.504219000e-07
3792.0 7.518186000e-07
3793.0 7.532191000e-07
3794.0 7.546233000e-07
3795.0 7.560311000e-07
3796.0 7.574425000e-07
3797.0 7.588574000e-07
3798.0 7.602758000e-07
3799.0 7.616976000e-07
3800.0 7.631227000e-07
3801.0 7.645511000e-07
3802.0 7.659827000e-07
3803.0 7.674175000e-07
3804.0 7.688553000e-07
3805.0 7.702962000e-07
3806.0 7.717401000e-07
3807.0 7.731868000e-07
3808.0 7.746364000e-07
3809.0 7.760888000e-07
3810.0 7.775439000e-07
3811.0 7.790016000e-07
3812.0 7.804618000e-07
3813.0 7.819246000e-07
3814.0 7.833898000e-07
3815.0 7.848575000e-07
3816.0 7.863274000e-07
3817.0 7.877995000e-07
3818.0 7.892738000e-07
3819.0 7.907502000e-07
3820.0 7.922287000e-07
3821.0 7.937091000e-07
3822.0 7.951914000e-07
3823.0 7.966756000e-07
3824.0 7.981615000e-07
3825.0 7.996491000e-07
3826.0 8.011383000e-07
3827.0 8.026290000e-07
3828.0 8.041213000e-07
3829.0 8.056149000e-07
3830.0 8.071099000e-07
3831.0 8.086062000e-07
3832.0 8.101037000e-07
3833.0 8.116023000e-07
3834.0 8.131021000e-07
3835.0 8.146028000e-07
3836.0 8.161044000e-07
3837.0 8.176070000e-07
3838.0 8.191103000e-07
3839.0 8.206144000e-07
3840.0 8.221192000e-07
3841.0 8.236246000e-07
3842.0 8.251306000e-07
3843.0 8.266370000e-07
3844.0 8.281439000e-07
3845.0 8.296511000e-07
3846.0 8.311587000e-07
3847.0 8.326664000e-07
3848.0 8.341744000e-07
3849.0 8.356824000e-07
3850.0 8.371905000e-07
3851.0 8.386986000e-07
3852.0 8.402066000e-07
3853.0 8.417145000e-07
3854.0 8.432222000e-07
3855.0 8.447297000e-07
3856.0 8.462368000e-07
3857.0 8.477436000e-07
3858.0 8.492499000e-07
3859.0 8.507558000e-07
3860.0 8.522612000e-07
3861.0 8.537660000e-07
3862.0 8.552702000e-07
3863.0 8.567737000e-07
3864.0 8.582765000e-07
3865.0 8.597786000e-07
3866.0 8.612798000e-07
3867.0 8.627801000e-07
3868.0 8.642796000e-07
3869.0 8.657781000e-07
3870.0 8.672756000e-07
3871.0 8.687721000e-07
3872.0 8.702676000e-07
3873.0 8.717619000e-07
3874.0 8.732551000e-07
3875.0 8.747471000e-07
3876.0 8.762379000e-07
3877.0 8.777275000e-07
3878.0 8.792158000e-07
3879.0 8.807027000e-07
3880.0 8.821884000e-07
3881.0 8.836726000e-07
3882.0 8.851555000e-07
3883.0 8.866370000e-07
3884.0 8.881170000e-07
3885.0 8.895956000e-07
3886.0 8.910727000e-07
3887.0 8.925484000e-07
3888.0 8.940225000e-07
3889.0 8.954951000e-07
3890.0 8.969662000e-07
3891.0 8.984358000e-07
3892.0 8.999038000e-07
3893.0 9.013703000e-07
3894.0 9.028352000e-07
3895.0 9.042986000e-07
3896.0 9.057604000e-07
3897.0 9.072207000e-07
3898.0 9.086793000e-07
3899.0 9.101365000e-07
3900.0 9.115921000e-07
3901.0 9.130462000e-07
3902.0 9.144988000e-07
3903.0 9.159498000e-07
3904.0 9.173993000e-07
3905.0 9.188473000e-07
3906.0 9.202939000e-07
3907.0 9.217390000e-07
3908.0 9.231826000e-07
3909.0 9.246249000e-07
3910.0 9.260657000e-07
3911.0 9.275051000e-07
3912.0 9.289432000e-07
3913.0 9.303800000e-07
3914.0 9.318154000e-07
3915.0 9.332496000e-07
3916.0 9.346825000e-07
3917.0 9.361143000e-07
3918.0 9.375449000e-07
3919.0 9.389744000e-07
3920.0 9.404027000e-07
3921.0 9.418301000e-07
3922.0 9.432564000e-07
3923.0 9.446817000e-07
3924.0 9.461062000e-07
3925.0 9.475297000e-07
3926.0 9.489524000e-07
3927.0 9.503743000e-07
3928.0 9.517955000e-07
3929.0 9.532160000e-07
3930.0 9.546358000e-07
3931.0 9.560551000e-07
3932.0 9.574738000e-07
3933.0 9.588920000e-07
3934.0 9.603098000e-07
3935.0 9.617272000e-07
3936.0 9.631443000e-07
3937.0 9.645612000e-07
3938.0 9.659779000e-07
3939.0 9.673944000e-07
3940.0 9.688109000e-07
3941.0 9.702273000e-07
3942.0 9.716438000e-07
3943.0 9.730605000e-07
3944.0 9.744773000e-07
3945.0 9.758944000e-07
3946.0 9.773118000e-07
3947.0 9.787296000e-07
3948.0 9.801479000e-07
3949.0 9.815667000e-07
3950.0 9.829861000e-07
3951.0 9.844061000e-07
3952.0 9.858270000e-07
3953.0 9.872486000e-07
3954.0 9.886712000e-07
3955.0 9.900947000e-07
3956.0 9.915193000e-07
3957.0 9.929450000e-07
3958.0 9.943719000e-07
3959.0 9.958001000e-07
3960.0 9.972297000e-07
3961.0 9.986607000e-07
3962.0 1.000093000e-06
3963.0 1.001527000e-06
3964.0 1.002963000e-06
3965.0 1.004401000e-06
3966.0 1.005840000e-06
3967.0 1.007281000e-06
3968.0 1.008725000e-06
3969.0 1.010170000e-06
3970.0 1.011618000e-06
3971.0 1.013067000e-06
3972.0 1.014519000e-06
3973.0 1.015974000e-06
3974.0 1.017431000e-06
3975.0 1.018890000e-06
3976.0 1.020352000e-06
3977.0 1.021817000e-06
3978.0 1.023284000e-06
3979.0 1.024755000e-06
3980.0 1.026228000e-06
3981.0 1.027705000e-06
3982.0 1.029184000e-06
3983.0 1.030667000e-06
3984.0 1.032153000e-06
3985.0 1.033642000e-06
3986.0 1.035134000e-06
3987.0 1.036631000e-06
3988.0 1.038130000e-06
3989.0 1.039634000e-06
3990.0 1.041141000e-06
3991.0 1.042651000e-06
3992.0 1.044166000e-06
3993.0 1.045685000e-06
3994.0 1.047207000e-06
3995.0 1.048734000e-06
3996.0 1.050265000e-06
3997.0 1.051800000e-06
3998.0 1.053339000e-06
3999.0 1.054883000e-06
4000.0 1.056431000e-06
4001.0 1.057984000e-06
4002.0 1.059541000e-06
4003.0 1.061103000e-06
4004.0 1.062669000e-06
4005.0 1.064240000e-06
4006.0 1.065817000e-06
4007.0 1.067398000e-06
4008.0 1.068984000e-06
4009.0 1.070575000e-06
4010.0 1.072171000e-06
4011.0 1.073772000e-06
4012.0 1.075378000e-06
4013.0 1.076990000e-06
4014.0 1.078607000e-06
4015.0 1.080230000e-06
4016.0 1.081857000e-06
4017.0 1.083491000e-06
4018.0 1.085130000e-06
4019.0 1.086774000e-06
4020.0 1.088424000e-06
4021.0 1.090080000e-06
4022.0 1.091742000e-06
4023.0 1.093410000e-06
4024.0 1.095083000e-06
4025.0 1.096762000e-06
4026.0 1.098448000e-06
4027.0 1.100139000e-06
4028.0 1.101836000e-06
4029.0 1.103540000e-06
4030.0 1.105249000e-06
4031.0 1.106965000e-06
4032.0 1.108687000e-06
4033.0 1.110415000e-06
4034.0 1.112149000e-06
4035.0 1.113890000e-06
4036.0 1.115637000e-06
4037.0 1.117391000e-06
4038.0 1.119151000e-06
4039.0 1.120917000e-06
4040.0 1.122690000e-06
4041.0 1.124470000e-06
4042.0 1.126256000e-06
4043.0 1.128048000e-06
4044.0 1.129847000e-06
4045.0 1.131653000e-06
4046.0 1.133465000e-06
4047.0 1.135285000e-06
4048.0 1.137110000e-06
4049.0 1.138943000e-06
4050.0 1.140782000e-06
4051.0 1.142628000e-06
4052.0 1.144480000e-06
4053.0 1.146339000e-06
4054.0 1.148205000e-06
4055.0 1.150078000e-06
4056.0 1.151957000e-06
4057.0 1.153844000e-06
4058.0 1.155737000e-06
4059.0 1.157636000e-06
4060.0 1.159543000e-06
4061.0 1.161456000e-06
4062.0 1.163376000e-06
4063.0 1.165303000e-06
4064.0 1.167236000e-06
4065.0 1.169177000e-06
4066.0 1.171124000e-06
4067.0 1.173077000e-06
4068.0 1.175038000e-06
4069.0 1.177005000e-06
4070.0 1.178978000e-06
4071.0 1.180959000e-06
4072.0 1.182946000e-06
4073.0 1.184939000e-06
4074.0 1.186940000e-06
4075.0 1.188946000e-06
4076.0 1.190960000e-06
4077.0 1.192980000e-06
4078.0 1.195006000e-06
4079.0 1.197039000e-06
4080.0 1.199078000e-06
4081.0 1.201124000e-06
4082.0 1.203176000e-06
4083.0 1.205235000e-06
4084.0 1.207299000e-06
4085.0 1.209371000e-06
4086.0 1.211448000e-06
4087.0 1.213531000e-06
4088.0 1.215621000e-06
4089.0 1.217717000e-06
4090.0 1.219819000e-06
4091.0 1.221927000e-06
4092.0 1.224041000e-06
4093.0 1.226162000e-06
4094.0 1.228288000e-06
4095.0 1.230420000e-06
4096.0 1.232557000e-06
4097.0 1.234701000e-06
4098.0 1.236850000e-06
4099.0 1.239005000e-06
4100.0 1.241166000e-06
4101.0 1.243333000e-06
4102.0 1.245504000e-06
4103.0 1.247682000e-06
4104.0 1.249865000e-06
4105.0 1.252053000e-06
4106.0 1.254247000e-06
4107.0 1.256446000e-06
4108.0 1.258650000e-06
4109.0 1.260859000e-06
4110.0 1.263073000e-06
4111.0 1.265293000e-06
4112.0 1.267517000e-06
4113.0 1.269747000e-06
4114.0 1.271981000e-06
4115.0 1.274220000e-06
4116.0 1.276464000e-06
4117.0 1.278713000e-06
4118.0 1.280966000e-06
4119.0 1.283224000e-06
4120.0 1.285486000e-06
4121.0 1.287753000e-06
4122.0 1.290024000e-06
4123.0 1.292300000e-06
4124.0 1.294580000e-06
4125.0 1.296864000e-06
4126.0 1.299152000e-06
4127.0 1.301444000e-06
4128.0 1.303740000e-06
4129.0 1.306040000e-06
4130.0 1.308345000e-06
4131.0 1.310652000e-06
4132.0 1.312964000e-06
4133.0 1.315279000e-06
4134.0 1.317598000e-06
4135.0 1.319921000e-06
4136.0 1.322247000e-06
4137.0 1.324577000e-06
4138.0 1.326909000e-06
4139.0 1.329246000e-06
4140.0 1.331585000e-06
4141.0 1.333928000e-06
4142.0 1.336274000e-06
4143.0 1.338623000e-06
4144.0 1.340975000e-06
4145.0 1.343329000e-06
4146.0 1.345687000e-06
4147.0 1.348048000e-06
4148.0 1.350411000e-06
4149.0 1.352778000e-06
4150.0 1.355146000e-06
4151.0 1.357518000e-06
4152.0 1.359892000e-06
4153.0 1.362269000e-06
4154.0 1.364648000e-06
4155.0 1.367029000e-06
4156.0 1.369413000e-06
4157.0 1.371799000e-06
4158.0 1.374188000e-06
4159.0 1.376578000e-06
4160.0 1.378971000e-06
4161.0 1.381366000e-06
4162.0 1.383763000e-06
4163.0 1.386162000e-06
4164.0 1.388564000e-06
4165.0 1.390967000e-06
4166.0 1.393372000e-06
4167.0 1.395779000e-06
4168.0 1.398187000e-06
4169.0 1.400598000e-06
4170.0 1.403010000e-06
4171.0 1.405424000e-06
4172.0 1.407840000e-06
4173.0 1.410257000e-06
4174.0 1.412677000e-06
4175.0 1.415097000e-06
4176.0 1.417519000e-06
4177.0 1.419943000e-06
4178.0 1.422368000e-06
4179.0 1.424795000e-06
4180.0 1.427224000e-06
4181.0 1.429653000e-06
4182.0 1.432084000e-06
4183.0 1.434517000e-06
4184.0 1.436951000e-06
4185.0 1.439386000e-06
4186.0 1.441823000e-06
4187.0 1.444261000e-06
4188.0 1.446700000e-06
4189.0 1.449141000e-06
4190.0 1.451583000e-06
4191.0 1.454027000e-06
4192.0 1.456471000e-06
4193.0 1.458917000e-06
4194.0 1.461365000e-06
4195.0 1.463813000e-06
4196.0 1.466263000e-06
4197.0 1.468715000e-06
4198.0 1.471167000e-06
4199.0 1.473621000e-06
4200.0 1.476076000e-06
4201.0 1.478533000e-06
4202.0 1.480991000e-06
4203.0 1.483450000e-06
4204.0 1.485911000e-06
4205.0 1.488373000e-06
4206.0 1.490836000e-06
4207.0 1.493301000e-06
4208.0 1.495768000e-06
4209.0 1.498236000e-06
4210.0 1.500705000e-06
4211.0 1.503176000e-06
4212.0 1.505649000e-06
4213.0 1.508123000e-06
4214.0 1.510599000e-06
4215.0 1.513077000e-06
4216.0 1.515556000e-06
4217.0 1.518038000e-06
4218.0 1.520521000e-06
4219.0 1.523006000e-06
4220.0 1.525492000e-06
4221.0 1.527981000e-06
4222.0 1.530472000e-06
4223.0 1.532965000e-06
4224.0 1.535460000e-06
4225.0 1.537957000e-06
4226.0 1.540457000e-06
4227.0 1.542958000e-06
4228.0 1.545462000e-06
4229.0 1.547969000e-06
4230.0 1.550478000e-06
4231.0 1.552989000e-06
4232.0 1.555503000e-06
4233.0 1.558020000e-06
4234.0 1.560540000e-06
4235.0 1.563062000e-06
4236.0 1.565587000e-06
4237.0 1.568115000e-06
4238.0 1.570647000e-06
4239.0 1.573181000e-06
4240.0 1.575718000e-06
4241.0 1.578259000e-06
4242.0 1.580803000e-06
4243.0 1.583351000e-06
4244.0 1.585902000e-06
4245.0 1.588456000e-06
4246.0 1.591015000e-06
4247.0 1.593577000e-06
4248.0 1.596142000e-06
4249.0 1.598712000e-06
4250.0 1.601286000e-06
4251.0 1.603864000e-06
4252.0 1.606446000e-06
4253.0 1.609032000e-06
4254.0 1.611623000e-06
4255.0 1.614218000e-06
4256.0 1.616817000e-06
4257.0 1.619421000e-06
4258.0 1.622030000e-06
4259.0 1.624644000e-06
4260.0 1.627263000e-06
4261.0 1.629886000e-06
4262.0 1.632515000e-06
4263.0 1.635149000e-06
4264.0 1.637788000e-06
4265.0 1.640433000e-06
4266.0 1.643083000e-06
4267.0 1.645739000e-06
4268.0 1.648400000e-06
4269.0 1.651067000e-06
4270.0 1.653740000e-06
4271.0 1.656419000e-06
4272.0 1.659104000e-06
4273.0 1.661796000e-06
4274.0 1.664493000e-06
4275.0 1.667197000e-06
4276.0 1.669908000e-06
4277.0 1.672625000e-06
4278.0 1.675348000e-06
4279.0 1.678079000e-06
4280.0 1.680816000e-06
4281.0 1.683560000e-06
4282.0 1.686312000e-06
4283.0 1.689070000e-06
4284.0 1.691836000e-06
4285.0 1.694609000e-06
4286.0 1.697390000e-06
4287.0 1.700178000e-06
4288.0 1.702974000e-06
4289.0 1.705778000e-06
4290.0 1.708589000e-06
4291.0 1.711409000e-06
4292.0 1.714236000e-06
4293.0 1.717072000e-06
4294.0 1.719916000e-06
4295.0 1.722768000e-06
4296.0 1.725629000e-06
4297.0 1.728498000e-06
4298.0 1.731375000e-06
4299.0 1.734262000e-06
4300.0 1.737157000e-06
4301.0 1.740061000e-06
4302.0 1.742974000e-06
4303.0 1.745896000e-06
4304.0 1.748827000e-06
4305.0 1.751767000e-06
4306.0 1.754717000e-06
4307.0 1.757676000e-06
4308.0 1.760644000e-06
4309.0 1.763622000e-06
4310.0 1.766610000e-06
4311.0 1.769607000e-06
4312.0 1.772614000e-06
4313.0 1.775631000e-06
4314.0 1.778657000e-06
4315.0 1.781694000e-06
4316.0 1.784741000e-06
4317.0 1.787798000e-06
4318.0 1.790865000e-06
4319.0 1.793942000e-06
4320.0 1.797030000e-06
4321.0 1.800128000e-06
4322.0 1.803236000e-06
4323.0 1.806355000e-06
4324.0 1.809485000e-06
4325.0 1.812625000e-06
4326.0 1.815776000e-06
4327.0 1.818938000e-06
4328.0 1.822111000e-06
4329.0 1.825294000e-06
4330.0 1.828488000e-06
4331.0 1.831693000e-06
4332.0 1.834910000e-06
4333.0 1.838137000e-06
4334.0 1.841375000e-06
4335.0 1.844625000e-06
4336.0 1.847885000e-06
4337.0 1.851157000e-06
4338.0 1.854440000e-06
4339.0 1.857734000e-06
4340.0 1.861040000e-06
4341.0 1.864357000e-06
4342.0 1.867685000e-06
4343.0 1.871025000e-06
4344.0 1.874375000e-06
4345.0 1.877738000e-06
4346.0 1.881112000e-06
4347.0 1.884497000e-06
4348.0 1.887894000e-06
4349.0 1.891302000e-06
4350.0 1.894722000e-06
4351.0 1.898153000e-06
4352.0 1.901596000e-06
4353.0 1.905050000e-06
4354.0 1.908516000e-06
4355.0 1.911994000e-06
4356.0 1.915482000e-06
4357.0 1.918983000e-06
4358.0 1.922495000e-06
4359.0 1.926018000e-06
4360.0 1.929553000e-06
4361.0 1.933099000e-06
4362.0 1.936657000e-06
4363.0 1.940226000e-06
4364.0 1.943807000e-06
4365.0 1.947399000e-06
4366.0 1.951003000e-06
4367.0 1.954618000e-06
4368.0 1.958244000e-06
4369.0 1.961881000e-06
4370.0 1.965530000e-06
4371.0 1.969190000e-06
4372.0 1.972862000e-06
4373.0 1.976544000e-06
4374.0 1.980238000e-06
4375.0 1.983943000e-06
4376.0 1.987659000e-06
4377.0 1.991386000e-06
4378.0 1.995124000e-06
4379.0 1.998873000e-06
4380.0 2.002633000e-06
4381.0 2.006404000e-06
4382.0 2.010186000e-06
4383.0 2.013978000e-06
4384.0 2.017781000e-06
4385.0 2.021595000e-06
4386.0 2.025419000e-06
4387.0 2.029254000e-06
4388.0 2.033100000e-06
4389.0 2.036955000e-06
4390.0 2.040821000e-06
4391.0 2.044698000e-06
4392.0 2.048584000e-06
4393.0 2.052481000e-06
4394.0 2.056387000e-06
4395.0 2.060304000e-06
4396.0 2.064230000e-06
4397.0 2.068167000e-06
4398.0 2.072113000e-06
4399.0 2.076068000e-06
4400.0 2.080034000e-06
4401.0 2.084008000e-06
4402.0 2.087992000e-06
4403.0 2.091986000e-06
4404.0 2.095988000e-06
4405.0 2.100000000e-06
4406.0 2.104021000e-06
4407.0 2.108051000e-06
4408.0 2.112089000e-06
4409.0 2.116137000e-06
4410.0 2.120193000e-06
4411.0 2.124257000e-06
4412.0 2.128330000e-06
4413.0 2.132412000e-06
4414.0 2.136501000e-06
4415.0 2.140599000e-06
4416.0 2.144705000e-06
4417.0 2.148819000e-06
4418.0 2.152941000e-06
4419.0 2.157070000e-06
4420.0 2.161207000e-06
4421.0 2.165352000e-06
4422.0 2.169504000e-06
4423.0 2.173664000e-06
4424.0 2.177831000e-06
4425.0 2.182005000e-06
4426.0 2.186185000e-06
4427.0 2.190373000e-06
4428.0 2.194568000e-06
4429.0 2.198769000e-06
4430.0 2.202977000e-06
4431.0 2.207191000e-06
4432.0 2.211412000e-06
4433.0 2.215639000e-06
4434.0 2.219872000e-06
4435.0 2.224111000e-06
4436.0 2.228357000e-06
4437.0 2.232608000e-06
4438.0 2.236864000e-06
4439.0 2.241127000e-06
4440.0 2.245394000e-06
4441.0 2.249668000e-06
4442.0 2.253946000e-06
4443.0 2.258230000e-06
4444.0 2.262519000e-06
4445.0 2.266812000e-06
4446.0 2.271111000e-06
4447.0 2.275414000e-06
4448.0 2.279722000e-06
4449.0 2.284034000e-06
4450.0 2.288351000e-06
4451.0 2.292672000e-06
4452.0 2.296997000e-06
4453.0 2.301326000e-06
4454.0 2.305659000e-06
4455.0 2.309996000e-06
4456.0 2.314337000e-06
4457.0 2.318681000e-06
4458.0 2.323028000e-06
4459.0 2.327380000e-06
4460.0 2.331734000e-06
4461.0 2.336092000e-06
4462.0 2.340452000e-06
4463.0 2.344816000e-06
4464.0 2.349182000e-06
4465.0 2.353551000e-06
4466.0 2.357923000e-06
4467.0 2.362298000e-06
4468.0 2.366675000e-06
4469.0 2.371054000e-06
4470.0 2.375436000e-06
4471.0 2.379820000e-06
4472.0 2.384206000e-06
4473.0 2.388594000e-06
4474.0 2.392983000e-06
4475.0 2.397375000e-06
4476.0 2.401769000e-06
4477.0 2.406164000e-06
4478.0 2.410560000e-06
4479.0 2.414958000e-06
4480.0 2.419358000e-06
4481.0 2.423759000e-06
4482.0 2.428161000e-06
4483.0 2.432564000e-06
4484.0 2.436969000e-06
4485.0 2.441374000e-06
4486.0 2.445781000e-06
4487.0 2.450188000e-06
4488.0 2.454596000e-06
4489.0 2.459005000e-06
4490.0 2.463415000e-06
4491.0 2.467826000e-06
4492.0 2.472237000e-06
4493.0 2.476649000e-06
4494.0 2.481061000e-06
4495.0 2.485474000e-06
4496.0 2.489888000e-06
4497.0 2.494302000e-06
4498.0 2.498716000e-06
4499.0 2.503131000e-06
4500.0 2.507546000e-06
4501.0 2.511961000e-06
4502.0 2.516377000e-06
4503.0 2.520793000e-06
4504.0 2.525209000e-06
4505.0 2.529625000e-06
4506.0 2.534042000e-06
4507.0 2.538459000e-06
4508.0 2.542876000e-06
4509.0 2.547293000e-06
4510.0 2.551710000e-06
4511.0 2.556128000e-06
4512.0 2.560546000e-06
4513.0 2.564964000e-06
4514.0 2.569382000e-06
4515.0 2.573800000e-06
4516.0 2.578218000e-06
4517.0 2.582637000e-06
4518.0 2.587056000e-06
4519.0 2.591475000e-06
4520.0 2.595895000e-06
4521.0 2.600314000e-06
4522.0 2.604734000e-06
4523.0 2.609155000e-06
4524.0 2.613575000e-06
4525.0 2.617996000e-06
4526.0 2.622418000e-06
4527.0 2.626840000e-06
4528.0 2.631262000e-06
4529.0 2.635685000e-06
4530.0 2.640108000e-06
4531.0 2.644532000e-06
4532.0 2.648957000e-06
4533.0 2.653383000e-06
4534.0 2.657809000e-06
4535.0 2.662236000e-06
4536.0 2.666663000e-06
4537.0 2.671092000e-06
4538.0 2.675522000e-06
4539.0 2.679953000e-06
4540.0 2.684385000e-06
4541.0 2.688818000e-06
4542.0 2.693252000e-06
4543.0 2.697687000e-06
4544.0 2.702124000e-06
4545.0 2.706563000e-06
4546.0 2.711003000e-06
4547.0 2.715444000e-06
4548.0 2.719887000e-06
4549.0 2.724332000e-06
4550.0 2.728779000e-06
4551.0 2.733228000e-06
4552.0 2.737678000e-06
4553.0 2.742131000e-06
4554.0 2.746586000e-06
4555.0 2.751044000e-06
4556.0 2.755503000e-06
4557.0 2.759966000e-06
4558.0 2.764431000e-06
4559.0 2.768898000e-06
4560.0 2.773368000e-06
4561.0 2.777842000e-06
4562.0 2.782318000e-06
4563.0 2.786797000e-06
4564.0 2.791279000e-06
4565.0 2.795765000e-06
4566.0 2.800254000e-06
4567.0 2.804747000e-06
4568.0 2.809243000e-06
4569.0 2.813743000e-06
4570.0 2.818247000e-06
4571.0 2.822755000e-06
4572.0 2.827267000e-06
4573.0 2.831783000e-06
4574.0 2.836303000e-06
4575.0 2.840828000e-06
4576.0 2.845357000e-06
4577.0 2.849891000e-06
4578.0 2.854429000e-06
4579.0 2.858973000e-06
4580.0 2.863521000e-06
4581.0 2.868074000e-06
4582.0 2.872633000e-06
4583.0 2.877197000e-06
4584.0 2.881766000e-06
4585.0 2.886341000e-06
4586.0 2.890922000e-06
4587.0 2.895508000e-06
4588.0 2.900101000e-06
4589.0 2.904699000e-06
4590.0 2.909304000e-06
4591.0 2.913915000e-06
4592.0 2.918532000e-06
4593.0 2.923156000e-06
4594.0 2.927786000e-06
4595.0 2.932423000e-06
4596.0 2.937067000e-06
4597.0 2.941718000e-06
4598.0 2.946376000e-06
4599.0 2.951042000e-06
4600.0 2.955715000e-06
4601.0 2.960395000e-06
4602.0 2.965083000e-06
4603.0 2.969778000e-06
4604.0 2.974481000e-06
4605.0 2.979193000e-06
4606.0 2.983912000e-06
4607.0 2.988640000e-06
4608.0 2.993375000e-06
4609.0 2.998120000e-06
4610.0 3.002872000e-06
4611.0 3.007634000e-06
4612.0 3.012404000e-06
4613.0 3.017183000e-06
4614.0 3.021970000e-06
4615.0 3.026767000e-06
4616.0 3.031573000e-06
4617.0 3.036389000e-06
4618.0 3.041214000e-06
4619.0 3.046048000e-06
4620.0 3.050892000e-06
4621.0 3.055746000e-06
4622.0 3.060609000e-06
4623.0 3.065483000e-06
4624.0 3.070366000e-06
4625.0 3.075259000e-06
4626.0 3.080163000e-06
4627.0 3.085077000e-06
4628.0 3.090001000e-06
4629.0 3.094936000e-06
4630.0 3.099882000e-06
4631.0 3.104838000e-06
4632.0 3.109805000e-06
4633.0 3.114783000e-06
4634.0 3.119771000e-06
4635.0 3.124771000e-06
4636.0 3.129782000e-06
4637.0 3.134804000e-06
4638.0 3.139838000e-06
4639.0 3.144883000e-06
4640.0 3.149939000e-06
4641.0 3.155007000e-06
4642.0 3.160086000e-06
4643.0 3.165177000e-06
4644.0 3.170280000e-06
4645.0 3.175394000e-06
4646.0 3.180520000e-06
4647.0 3.185659000e-06
4648.0 3.190809000e-06
4649.0 3.195971000e-06
4650.0 3.201146000e-06
4651.0 3.206332000e-06
4652.0 3.211531000e-06
4653.0 3.216742000e-06
4654.0 3.221965000e-06
4655.0 3.227201000e-06
4656.0 3.232449000e-06
4657.0 3.237710000e-06
4658.0 3.242982000e-06
4659.0 3.248268000e-06
4660.0 3.253566000e-06
4661.0 3.258877000e-06
4662.0 3.264200000e-06
4663.0 3.269536000e-06
4664.0 3.274884000e-06
4665.0 3.280245000e-06
4666.0 3.285619000e-06
4667.0 3.291006000e-06
4668.0 3.296405000e-06
4669.0 3.301817000e-06
4670.0 3.307242000e-06
4671.0 3.312680000e-06
4672.0 3.318131000e-06
4673.0 3.323594000e-06
4674.0 3.329071000e-06
4675.0 3.334560000e-06
4676.0 3.340062000e-06
4677.0 3.345576000e-06
4678.0 3.351104000e-06
4679.0 3.356644000e-06
4680.0 3.362197000e-06
4681.0 3.367763000e-06
4682.0 3.373342000e-06
4683.0 3.378934000e-06
4684.0 3.384538000e-06
4685.0 3.390155000e-06
4686.0 3.395785000e-06
4687.0 3.401427000e-06
4688.0 3.407082000e-06
4689.0 3.412751000e-06
4690.0 3.418431000e-06
4691.0 3.424125000e-06
4692.0 3.429830000e-06
4693.0 3.435549000e-06
4694.0 3.441280000e-06
4695.0 3.447024000e-06
4696.0 3.452780000e-06
4697.0 3.458549000e-06
4698.0 3.464330000e-06
4699.0 3.470124000e-06
4700.0 3.475930000e-06
4701.0 3.481749000e-06
4702.0 3.487579000e-06
4703.0 3.493422000e-06
4704.0 3.499278000e-06
4705.0 3.505145000e-06
4706.0 3.511025000e-06
4707.0 3.516916000e-06
4708.0 3.522820000e-06
4709.0 3.528736000e-06
4710.0 3.534664000e-06
4711.0 3.540603000e-06
4712.0 3.546555000e-06
4713.0 3.552518000e-06
4714.0 3.558493000e-06
4715.0 3.564480000e-06
4716.0 3.570478000e-06
4717.0 3.576488000e-06
4718.0 3.582510000e-06
4719.0 3.588543000e-06
4720.0 3.594587000e-06
4721.0 3.600643000e-06
4722.0 3.606710000e-06
4723.0 3.612789000e-06
4724.0 3.618878000e-06
4725.0 3.624979000e-06
4726.0 3.631091000e-06
4727.0 3.637213000e-06
4728.0 3.643346000e-06
4729.0 3.649490000e-06
4730.0 3.655645000e-06
4731.0 3.661810000e-06
4732.0 3.667986000e-06
4733.0 3.674172000e-06
4734.0 3.680368000e-06
4735.0 3.686575000e-06
4736.0 3.692792000e-06
4737.0 3.699019000e-06
4738.0 3.705256000e-06
4739.0 3.711503000e-06
4740.0 3.717759000e-06
4741.0 3.724025000e-06
4742.0 3.730301000e-06
4743.0 3.736587000e-06
4744.0 3.742881000e-06
4745.0 3.749186000e-06
4746.0 3.755499000e-06
4747.0 3.761822000e-06
4748.0 3.768153000e-06
4749.0 3.774494000e-06
4750.0 3.780843000e-06
4751.0 3.787201000e-06
4752.0 3.793568000e-06
4753.0 3.799943000e-06
4754.0 3.806327000e-06
4755.0 3.812719000e-06
4756.0 3.819120000e-06
4757.0 3.825528000e-06
4758.0 3.831945000e-06
4759.0 3.838369000e-06
4760.0 3.844802000e-06
4761.0 3.851242000e-06
4762.0 3.857690000e-06
4763.0 3.864145000e-06
4764.0 3.870608000e-06
4765.0 3.877079000e-06
4766.0 3.883556000e-06
4767.0 3.890042000e-06
4768.0 3.896534000e-06
4769.0 3.903033000e-06
4770.0 3.909539000e-06
4771.0 3.916053000e-06
4772.0 3.922573000e-06
4773.0 3.929101000e-06
4774.0 3.935634000e-06
4775.0 3.942175000e-06
4776.0 3.948722000e-06
4777.0 3.955276000e-06
4778.0 3.961836000e-06
4779.0 3.968403000e-06
4780.0 3.974975000e-06
4781.0 3.981555000e-06
4782.0 3.988140000e-06
4783.0 3.994732000e-06
4784.0 4.001329000e-06
4785.0 4.007933000e-06
4786.0 4.014542000e-06
4787.0 4.021158000e-06
4788.0 4.027779000e-06
4789.0 4.034407000e-06
4790.0 4.041039000e-06
4791.0 4.047678000e-06
4792.0 4.054322000e-06
4793.0 4.060972000e-06
4794.0 4.067628000e-06
4795.0 4.074289000e-06
4796.0 4.080955000e-06
4797.0 4.087628000e-06
4798.0 4.094305000e-06
4799.0 4.100988000e-06
4800.0 4.107677000e-06
4801.0 4.114371000e-06
4802.0 4.121070000e-06
4803.0 4.127774000e-06
4804.0 4.134484000e-06
4805.0 4.141199000e-06
4806.0 4.147919000e-06
4807.0 4.154644000e-06
4808.0 4.161375000e-06
4809.0 4.168111000e-06
4810.0 4.174851000e-06
4811.0 4.181597000e-06
4812.0 4.188348000e-06
4813.0 4.195104000e-06
4814.0 4.201865000e-06
4815.0 4.208631000e-06
4816.0 4.215402000e-06
4817.0 4.222178000e-06
4818.0 4.228959000e-06
4819.0 4.235745000e-06
4820.0 4.242536000e-06
4821.0 4.249332000e-06
4822.0 4.256133000e-06
4823.0 4.262940000e-06
4824.0 4.269751000e-06
4825.0 4.276567000e-06
4826.0 4.283388000e-06
4827.0 4.290215000e-06
4828.0 4.297046000e-06
4829.0 4.303883000e-06
4830.0 4.310724000e-06
4831.0 4.317572000e-06
4832.0 4.324423000e-06
4833.0 4.331281000e-06
4834.0 4.338143000e-06
4835.0 4.345011000e-06
4836.0 4.351884000e-06
4837.0 4.358762000e-06
4838.0 4.365646000e-06
4839.0 4.372535000e-06
4840.0 4.379429000e-06
4841.0 4.386329000e-06
4842.0 4.393234000e-06
4843.0 4.400145000e-06
4844.0 4.407061000e-06
4845.0 4.413984000e-06
4846.0 4.420911000e-06
4847.0 4.427845000e-06
4848.0 4.434785000e-06
4849.0 4.441731000e-06
4850.0 4.448682000e-06
4851.0 4.455640000e-06
4852.0 4.462603000e-06
4853.0 4.469573000e-06
4854.0 4.476549000e-06
4855.0 4.483532000e-06
4856.0 4.490521000e-06
4857.0 4.497517000e-06
4858.0 4.504519000e-06
4859.0 4.511528000e-06
4860.0 4.518544000e-06
4861.0 4.525567000e-06
4862.0 4.532596000e-06
4863.0 4.539633000e-06
4864.0 4.546677000e-06
4865.0 4.553729000e-06
4866.0 4.560787000e-06
4867.0 4.567854000e-06
4868.0 4.574927000e-06
4869.0 4.582009000e-06
4870.0 4.589098000e-06
4871.0 4.596196000e-06
4872.0 4.603301000e-06
4873.0 4.610414000e-06
4874.0 4.617536000e-06
4875.0 4.624667000e-06
4876.0 4.631805000e-06
4877.0 4.638953000e-06
4878.0 4.646109000e-06
4879.0 4.653275000e-06
4880.0 4.660449000e-06
4881.0 4.667633000e-06
4882.0 4.674825000e-06
4883.0 4.682028000e-06
4884.0 4.689239000e-06
4885.0 4.696461000e-06
4886.0 4.703692000e-06
4887.0 4.710934000e-06
4888.0 4.718184000e-06
4889.0 4.725446000e-06
4890.0 4.732717000e-06
4891.0 4.739999000e-06
4892.0 4.747291000e-06
4893.0 4.754595000e-06
4894.0 4.761908000e-06
4895.0 4.769233000e-06
4896.0 4.776569000e-06
4897.0 4.783916000e-06
4898.0 4.791273000e-06
4899.0 4.798643000e-06
4900.0 4.806024000e-06
4901.0 4.813417000e-06
4902.0 4.820821000e-06
4903.0 4.828237000e-06
4904.0 4.835665000e-06
4905.0 4.843106000e-06
4906.0 4.850558000e-06
4907.0 4.858023000e-06
4908.0 4.865501000e-06
4909.0 4.872991000e-06
4910.0 4.880494000e-06
4911.0 4.888010000e-06
4912.0 4.895538000e-06
4913.0 4.903081000e-06
4914.0 4.910636000e-06
4915.0 4.918205000e-06
4916.0 4.925787000e-06
4917.0 4.933383000e-06
4918.0 4.940992000e-06
4919.0 4.948616000e-06
4920.0 4.956253000e-06
4921.0 4.963905000e-06
4922.0 4.971571000e-06
4923.0 4.979251000e-06
4924.0 4.986946000e-06
4925.0 4.994655000e-06
4926.0 5.002379000e-06
4927.0 5.010118000e-06
4928.0 5.017872000e-06
4929.0 5.025641000e-06
4930.0 5.033425000e-06
4931.0 5.041225000e-06
4932.0 5.049039000e-06
4933.0 5.056870000e-06
4934.0 5.064716000e-06
4935.0 5.072578000e-06
4936.0 5.080455000e-06
4937.0 5.088349000e-06
4938.0 5.096258000e-06
4939.0 5.104185000e-06
4940.0 5.112126000e-06
4941.0 5.120085000e-06
4942.0 5.128060000e-06
4943.0 5.136052000e-06
4944.0 5.144059000e-06
4945.0 5.152085000e-06
4946.0 5.160126000e-06
4947.0 5.168185000e-06
4948.0 5.176260000e-06
4949.0 5.184353000e-06
4950.0 5.192463000e-06
4951.0 5.200590000e-06
4952.0 5.208734000e-06
4953.0 5.216897000e-06
4954.0 5.225075000e-06
4955.0 5.233273000e-06
4956.0 5.241486000e-06
4957.0 5.249719000e-06
4958.0 5.257968000e-06
4959.0 5.266235000e-06
4960.0 5.274520000e-06
4961.0 5.282823000e-06
4962.0 5.291143000e-06
4963.0 5.299482000e-06
4964.0 5.307839000e-06
4965.0 5.316214000e-06
4966.0 5.324607000e-06
4967.0 5.333018000e-06
4968.0 5.341448000e-06
4969.0 5.349896000e-06
4970.0 5.358362000e-06
4971.0 5.366847000e-06
4972.0 5.375350000e-06
4973.0 5.383873000e-06
4974.0 5.392413000e-06
4975.0 5.400973000e-06
4976.0 5.409550000e-06
4977.0 5.418147000e-06
4978.0 5.426762000e-06
4979.0 5.435397000e-06
4980.0 5.444050000e-06
4981.0 5.452722000e-06
4982.0 5.461413000e-06
4983.0 5.470123000e-06
4984.0 5.478852000e-06
4985.0 5.487600000e-06
4986.0 5.496366000e-06
4987.0 5.505153000e-06
4988.0 5.513957000e-06
4989.0 5.522782000e-06
4990.0 5.531625000e-06
4991.0 5.540488000e-06
4992.0 5.549369000e-06
4993.0 5.558270000e-06
4994.0 5.567189000e-06
4995.0 5.576128000e-06
4996.0 5.585086000e-06
4997.0 5.594064000e-06
4998.0 5.603060000e-06
4999.0 5.612077000e-06
5000.0 5.621111000e-06
